source,author,title,textgroup_type,volume,date,group_id,work_id,urn,output
adams.mass19.ie.xml,John G. B. Adams,Reminiscences of the Nineteenth Massachusetts Regiment,author,,,adams_john_g_b,adams_mass19,urn:cts:americanLit:adams_john_g_b.adams_mass19.perseus-eng1,data/adams_john_g_b/adams_mass19/adams_john_g_b.adams_mass19.perseus-eng1.xml
agassiz.life.ie.xml,Elizabeth Cary Agassiz,"Louis Agassiz: his life and correspondence, third edition",author,,,agassiz_elizabeth_cary,agassiz_life,urn:cts:americanLit:agassiz_elizabeth_cary.agassiz_life.perseus-eng1,data/agassiz_elizabeth_cary/agassiz_life/agassiz_elizabeth_cary.agassiz_life.perseus-eng1.xml
alcott.hosp.ie.xml,Louisa May Alcott,Hospital Sketches: An Army Nurse's True Account of her Experience during the Civil War.,author,,,alcott_louisa_may,alcott_hosp,urn:cts:americanLit:alcott_louisa_may.alcott_hosp.perseus-eng1,data/alcott_louisa_may/alcott_hosp/alcott_louisa_may.alcott_hosp.perseus-eng1.xml
alexander.mem.ie.xml,Edward Porter Alexander,Military memoirs of a Confederate: a critical narrative,author,,,alexander_edward_porter,alexander_mem,urn:cts:americanLit:alexander_edward_porter.alexander_mem.perseus-eng1,data/alexander_edward_porter/alexander_mem/alexander_edward_porter.alexander_mem.perseus-eng1.xml
ammen.atlantic.ie.xml,"Daniel Ammen, Rear-Admiral U. S. Navy",The Atlantic coast,author,,,ammen_daniel_e1d7d49c,ammen_atlantic,urn:cts:americanLit:ammen_daniel_e1d7d49c.ammen_atlantic.perseus-eng1,data/ammen_daniel_e1d7d49c/ammen_atlantic/ammen_daniel_e1d7d49c.ammen_atlantic.perseus-eng1.xml
andrews.journal.ie.xml,Eliza Frances Andrews,"The war-time journal of a Georgia girl, 1864-1865",author,,,andrews_eliza_frances,andrews_journal,urn:cts:americanLit:andrews_eliza_frances.andrews_journal.perseus-eng1,data/andrews_eliza_frances/andrews_journal/andrews_eliza_frances.andrews_journal.perseus-eng1.xml
arnold.civ.ie.xml,Matthew Arnold,Civilization in the United States: First and Last Impressions of America.,author,,,arnold_matthew,arnold_civ,urn:cts:americanLit:arnold_matthew.arnold_civ.perseus-eng1,data/arnold_matthew/arnold_civ/arnold_matthew.arnold_civ.perseus-eng1.xml
asjohnst.bio.ie.xml,Colonel William Preston Johnston,"The Life of General Albert Sidney Johnston: His Service in the Armies of the United States, the Republic of Texas, and the Confederate States.",author,,,johnston_william_preston,asjohnst_bio,urn:cts:americanLit:johnston_william_preston.asjohnst_bio.perseus-eng1,data/johnston_william_preston/asjohnst_bio/johnston_william_preston.asjohnst_bio.perseus-eng1.xml
atlas.index.ie.xml,"Capt. Calvin D. Cowles, 23d U. S. Infantry",The Official Military Atlas of the Civil War,author,,,cowles_calvin_d,atlas_index,urn:cts:americanLit:cowles_calvin_d.atlas_index.perseus-eng1,data/cowles_calvin_d/atlas_index/cowles_calvin_d.atlas_index.perseus-eng1.xml
badeau.grant1.ie.xml,Adam Badeau,Military history of Ulysses S. Grant from April 1861 to April 1865. Volume 1,author,,,badeau_adam,badeau_grant1,urn:cts:americanLit:badeau_adam.badeau_grant1.perseus-eng1,data/badeau_adam/badeau_grant1/badeau_adam.badeau_grant1.perseus-eng1.xml
badeau.grant2.ie.xml,Adam Badeau,Military history of Ulysses S. Grant from April 1861 to April 1865. Volume 2,author,,,badeau_adam,badeau_grant2,urn:cts:americanLit:badeau_adam.badeau_grant2.perseus-eng1,data/badeau_adam/badeau_grant2/badeau_adam.badeau_grant2.perseus-eng1.xml
badeau.grant3.ie.xml,Adam Badeau,Military history of Ulysses S. Grant from April 1861 to April 1865. Volume 3,author,,,badeau_adam,badeau_grant3,urn:cts:americanLit:badeau_adam.badeau_grant3.perseus-eng1,data/badeau_adam/badeau_grant3/badeau_adam.badeau_grant3.perseus-eng1.xml
badeau.grantp.ie.xml,Adam Badeau,"Grant in peace: from Appomattox to Mount McGregor, a personal memoir",author,,,badeau_adam,badeau_grantp,urn:cts:americanLit:badeau_adam.badeau_grantp.perseus-eng1,data/badeau_adam/badeau_grantp/badeau_adam.badeau_grantp.perseus-eng1.xml
bancroft01.ie.xml,George Bancroft,History of the Colonization of the United States,author,,,bancroft_george,bancroft01,urn:cts:americanLit:bancroft_george.bancroft01.perseus-eng1,data/bancroft_george/bancroft01/bancroft_george.bancroft01.perseus-eng1.xml
bancroft02.ie.xml,George Bancroft,History of the United States from the Discovery of the American Continent,author,,,bancroft_george,bancroft02,urn:cts:americanLit:bancroft_george.bancroft02.perseus-eng1,data/bancroft_george/bancroft02/bancroft_george.bancroft02.perseus-eng1.xml
bancroft03.ie.xml,George Bancroft,History of the United States from the Discovery of the American Continent,author,,,bancroft_george,bancroft03,urn:cts:americanLit:bancroft_george.bancroft03.perseus-eng1,data/bancroft_george/bancroft03/bancroft_george.bancroft03.perseus-eng1.xml
bancroft04.ie.xml,George Bancroft,History of the United States from the Discovery of the American Continent,author,,,bancroft_george,bancroft04,urn:cts:americanLit:bancroft_george.bancroft04.perseus-eng1,data/bancroft_george/bancroft04/bancroft_george.bancroft04.perseus-eng1.xml
bancroft05.ie.xml,George Bancroft,History of the United States from the Discovery of the American Continent,author,,,bancroft_george,bancroft05,urn:cts:americanLit:bancroft_george.bancroft05.perseus-eng1,data/bancroft_george/bancroft05/bancroft_george.bancroft05.perseus-eng1.xml
bancroft06.ie.xml,George Bancroft,History of the United States from the Discovery of the American Continent,author,,,bancroft_george,bancroft06,urn:cts:americanLit:bancroft_george.bancroft06.perseus-eng1,data/bancroft_george/bancroft06/bancroft_george.bancroft06.perseus-eng1.xml
bancroft07.ie.xml,George Bancroft,History of the United States from the Discovery of the American Continent,author,,,bancroft_george,bancroft07,urn:cts:americanLit:bancroft_george.bancroft07.perseus-eng1,data/bancroft_george/bancroft07/bancroft_george.bancroft07.perseus-eng1.xml
bancroft08.ie.xml,George Bancroft,History of the United States from the Discovery of the American Continent,author,,,bancroft_george,bancroft08,urn:cts:americanLit:bancroft_george.bancroft08.perseus-eng1,data/bancroft_george/bancroft08/bancroft_george.bancroft08.perseus-eng1.xml
bancroft10.ie.xml,George Bancroft,History of the United States from the Discovery of the American Continent,author,,,bancroft_george,bancroft10,urn:cts:americanLit:bancroft_george.bancroft10.perseus-eng1,data/bancroft_george/bancroft10/bancroft_george.bancroft10.perseus-eng1.xml
batt.south.ie.xml,"An English Combatant, Lieutenant of Artillery of the Field Staff.","Battlefields of the South from Bull Run to Fredericksburgh; with sketches of Confederate commanders, and gossip of the camps.",author,,,an_english_combatant,batt_south,urn:cts:americanLit:an_english_combatant.batt_south.perseus-eng1,data/an_english_combatant/batt_south/an_english_combatant.batt_south.perseus-eng1.xml
beatty.citsold.ie.xml,John Beatty,"The Citizen-Soldier; or, Memoirs of a Volunteer",author,,,beatty_john,beatty_citsold,urn:cts:americanLit:beatty_john.beatty_citsold.perseus-eng1,data/beatty_john/beatty_citsold/beatty_john.beatty_citsold.perseus-eng1.xml
beers.mem.ie.xml,Fannie A. Beers,Memories: a record of personal exeperience and adventure during four years of war.,author,,,beers_fannie_a,beers_mem,urn:cts:americanLit:beers_fannie_a.beers_mem.perseus-eng1,data/beers_fannie_a/beers_mem/beers_fannie_a.beers_mem.perseus-eng1.xml
bennett.massliart.ie.xml,"A. J. Bennett, private, First Massachusetts Light Battery","The story of the First Massachusetts Light Battery, attached to the Sixth Army Corps: glance at events in the armies of the Potomac and Shenandoah, from the summer of 1861 to the autumn of 1864.",author,,,bennett_a_j,bennett_massliart,urn:cts:americanLit:bennett_a_j.bennett_massliart.perseus-eng1,data/bennett_a_j/bennett_massliart/bennett_a_j.bennett_massliart.perseus-eng1.xml
bennett.revival.ie.xml,William W. Bennett,A narrative of the great revival which prevailed in the Southern armies during the late Civil War,author,,,bennett_william_w,bennett_revival,urn:cts:americanLit:bennett_william_w.bennett_revival.perseus-eng1,data/bennett_william_w/bennett_revival/bennett_william_w.bennett_revival.perseus-eng1.xml
best.ny121.ie.xml,Isaac O. Best,History of the 121st New York State Infantry,author,,,best_isaac_o,best_ny121,urn:cts:americanLit:best_isaac_o.best_ny121.perseus-eng1,data/best_isaac_o/best_ny121/best_isaac_o.best_ny121.perseus-eng1.xml
billings.hard.ie.xml,John D. Billings,Hardtack and Coffee: The Unwritten Story of Army Life,author,,,billings_john_d,billings_hard,urn:cts:americanLit:billings_john_d.billings_hard.perseus-eng1,data/billings_john_d/billings_hard/billings_john_d.billings_hard.perseus-eng1.xml
billings.mass10.ie.xml,John D. Billings,The history of the Tenth Massachusetts battery of light artillery in the war of the rebellion,author,,,billings_john_d,billings_mass10,urn:cts:americanLit:billings_john_d.billings_mass10.perseus-eng1,data/billings_john_d/billings_mass10/billings_john_d.billings_mass10.perseus-eng1.xml
blcw.index.ie.xml,Robert Underwood Johnson,Battles and Leaders of the Civil War: The Opening Battles. Index to all four volumes.,author,,,johnson_robert_underwood,blcw_index,urn:cts:americanLit:johnson_robert_underwood.blcw_index.perseus-eng1,data/johnson_robert_underwood/blcw_index/johnson_robert_underwood.blcw_index.perseus-eng1.xml
blcw01.ie.xml,Robert Underwood Johnson,Battles and Leaders of the Civil War: The Opening Battles. Volume 1.,author,,,johnson_robert_underwood,blcw01,urn:cts:americanLit:johnson_robert_underwood.blcw01.perseus-eng1,data/johnson_robert_underwood/blcw01/johnson_robert_underwood.blcw01.perseus-eng1.xml
blcw01.xml,Robert Underwood Johnson,Battles and Leaders of the Civil War: The Opening Battles. Volume 1.,author,,,johnson_robert_underwood,blcw01_2,urn:cts:americanLit:johnson_robert_underwood.blcw01_2.perseus-eng1,data/johnson_robert_underwood/blcw01_2/johnson_robert_underwood.blcw01_2.perseus-eng1.xml
blcw02.ie.xml,Robert Underwood Johnson,Battles and Leaders of the Civil War: Volume 2.,author,,,johnson_robert_underwood,blcw02,urn:cts:americanLit:johnson_robert_underwood.blcw02.perseus-eng1,data/johnson_robert_underwood/blcw02/johnson_robert_underwood.blcw02.perseus-eng1.xml
blcw03.ie.xml,Robert Underwood Johnson,Battles and Leaders of the Civil War. Volume 3.,author,,,johnson_robert_underwood,blcw03,urn:cts:americanLit:johnson_robert_underwood.blcw03.perseus-eng1,data/johnson_robert_underwood/blcw03/johnson_robert_underwood.blcw03.perseus-eng1.xml
blcw04.ie.xml,Robert Underwood Johnson,Battles and Leaders of the Civil War. Volume 4.,author,,,johnson_robert_underwood,blcw04,urn:cts:americanLit:johnson_robert_underwood.blcw04.perseus-eng1,data/johnson_robert_underwood/blcw04/johnson_robert_underwood.blcw04.perseus-eng1.xml
bm.lib.samp01.ie.xml,ByteManager,"The Liberator, 32.1: Friday, Jan. 3, 1862: sample",author,,,bytemanager,bm_lib_samp01,urn:cts:americanLit:bytemanager.bm_lib_samp01.perseus-eng1,data/bytemanager/bm_lib_samp01/bytemanager.bm_lib_samp01.perseus-eng1.xml
borcke.mem.ie.xml,Heros von Borcke,Memoirs of the Confederate War for Independence,author,,,von_borcke_heros,borcke_mem,urn:cts:americanLit:von_borcke_heros.borcke_mem.perseus-eng1,data/von_borcke_heros/borcke_mem/von_borcke_heros.borcke_mem.perseus-eng1.xml
boynton.sherman.ie.xml,William Boynton,Sherman's Historical Raid,author,,,boynton_william,boynton_sherman,urn:cts:americanLit:boynton_william.boynton_sherman.perseus-eng1,data/boynton_william/boynton_sherman/boynton_william.boynton_sherman.perseus-eng1.xml
britton.mem.ie.xml,Wiley Britton,Memoirs of the Rebellion on the Border 1863.,author,,,britton_wiley,britton_mem,urn:cts:americanLit:britton_wiley.britton_mem.perseus-eng1,data/britton_wiley/britton_mem/britton_wiley.britton_mem.perseus-eng1.xml
brockett.camp.ie.xml,L. P. Brockett,"The camp, the battlefield, and the hospital: or, lights and shadows of the great rebellion",author,,,brockett_l_p,brockett_camp,urn:cts:americanLit:brockett_l_p.brockett_camp.perseus-eng1,data/brockett_l_p/brockett_camp/brockett_l_p.brockett_camp.perseus-eng1.xml
brockett.women.ie.xml,L. P. Brockett,"Women's work in the civil war: a record of heroism, patriotism and patience",author,,,brockett_l_p,brockett_women,urn:cts:americanLit:brockett_l_p.brockett_women.perseus-eng1,data/brockett_l_p/brockett_women/brockett_l_p.brockett_women.perseus-eng1.xml
brooks.medford.ie.xml,Anonymous,"HISTORY OF THE TOWN OF MEDFORD, Middlesex County, Massachusetts, FROM ITS FIRST SETTLEMENT, IN 1630, TO THE PRESENT TIME, 1855.",author,,,anonymous,brooks_medford,urn:cts:americanLit:anonymous.brooks_medford.perseus-eng1,data/anonymous/brooks_medford/anonymous.brooks_medford.perseus-eng1.xml
buchanan.admin.ie.xml,James Buchanan,Buchanan's administration on the eve of the rebellion,author,,,buchanan_james,buchanan_admin,urn:cts:americanLit:buchanan_james.buchanan_admin.perseus-eng1,data/buchanan_james/buchanan_admin/buchanan_james.buchanan_admin.perseus-eng1.xml
butler.mem.ie.xml,Benjamnin F. Butler,Butler's Book: Autobiography and Personal Reminiscences of Major-General Benjamin Butler,author,,,butler_benjamnin_f,butler_mem,urn:cts:americanLit:butler_benjamnin_f.butler_mem.perseus-eng1,data/butler_benjamnin_f/butler_mem/butler_benjamnin_f.butler_mem.perseus-eng1.xml
cam.amlit01.ie.xml,Anonymous,Cambridge History of American Literature: volume 1,author,,,anonymous,cam_amlit01,urn:cts:americanLit:anonymous.cam_amlit01.perseus-eng1,data/anonymous/cam_amlit01/anonymous.cam_amlit01.perseus-eng1.xml
cam.amlit02.ie.xml,Anonymous,Cambridge History of American Literature: volume 2,author,,,anonymous,cam_amlit02,urn:cts:americanLit:anonymous.cam_amlit02.perseus-eng1,data/anonymous/cam_amlit02/anonymous.cam_amlit02.perseus-eng1.xml
cam.amlit03.ie.xml,Anonymous,Cambridge History of American Literature: volume 3,author,,,anonymous,cam_amlit03,urn:cts:americanLit:anonymous.cam_amlit03.perseus-eng1,data/anonymous/cam_amlit03/anonymous.cam_amlit03.perseus-eng1.xml
cambridge.1896.ie.xml,Anonymous,The Cambridge of eighteen hundred and ninety-six: a picture of the city and its industries fifty years after its incorporation,author,,,anonymous,cambridge_1896,urn:cts:americanLit:anonymous.cambridge_1896.perseus-eng1,data/anonymous/cambridge_1896/anonymous.cambridge_1896.perseus-eng1.xml
camcwar.mem.ie.xml,Anonymous,"The Soldiers' Monument in Cambridge: Proceedings in relation to the building and dedication of the monument erected in the years, 1869-1870.",author,,,anonymous,camcwar_mem,urn:cts:americanLit:anonymous.camcwar_mem.perseus-eng1,data/anonymous/camcwar_mem/anonymous.camcwar_mem.perseus-eng1.xml
chamb.pass.ie.xml,Joshua Lawrence Chamberlain,The Passing of the Armies: The Last Campaign of the Armies.,author,,,chamberlain_joshua_lawrence,chamb_pass,urn:cts:americanLit:chamberlain_joshua_lawrence.chamb_pass.perseus-eng1,data/chamberlain_joshua_lawrence/chamb_pass/chamberlain_joshua_lawrence.chamb_pass.perseus-eng1.xml
chapman.garrison.ie.xml,John Jay Chapman,William Lloyd Garrison,author,,,chapman_john_jay,chapman_garrison,urn:cts:americanLit:chapman_john_jay.chapman_garrison.perseus-eng1,data/chapman_john_jay/chapman_garrison/chapman_john_jay.chapman_garrison.perseus-eng1.xml
child.hopper.ie.xml,Lydia Maria Child,Isaac T. Hopper: a true life,author,,,child_lydia_maria,child_hopper,urn:cts:americanLit:child_lydia_maria.child_hopper.perseus-eng1,data/child_lydia_maria/child_hopper/child_lydia_maria.child_hopper.perseus-eng1.xml
child.letters.ie.xml,Lydia Maria Child,Letters of Lydia Maria Child,author,,,child_lydia_maria,child_letters,urn:cts:americanLit:child_lydia_maria.child_letters.perseus-eng1,data/child_lydia_maria/child_letters/child_lydia_maria.child_letters.perseus-eng1.xml
cmh01.ie.xml,"Hon. J. L. M. Curry, LL.D.","Confederate Military History, a library of Confederate States Military History: Volume 1.1",author,,,curry_j_l_m,cmh01,urn:cts:americanLit:curry_j_l_m.cmh01.perseus-eng1,data/curry_j_l_m/cmh01/curry_j_l_m.cmh01.perseus-eng1.xml
cmh02.1.ie.xml,Brig.-Gen. Bradley T. Johnson,"Confederate Military History, a library of Confederate States Military History: Volume 2.1",author,,,johnson_bradley_t,cmh02_1,urn:cts:americanLit:johnson_bradley_t.cmh02_1.perseus-eng1,data/johnson_bradley_t/cmh02_1/johnson_bradley_t.cmh02_1.perseus-eng1.xml
cmh02.2.ie.xml,Col. Robert White,"Confederate Military History, a library of Confederate States Military History: Volume 2.2",author,,,white_robert,cmh02_2,urn:cts:americanLit:white_robert.cmh02_2.perseus-eng1,data/white_robert/cmh02_2/white_robert.cmh02_2.perseus-eng1.xml
cmh03.ie.xml,Maj. Jed. Hotchkiss,"Confederate Military History, a library of Confederate States Military History: Volume 3",author,,,hotchkiss_jed,cmh03,urn:cts:americanLit:hotchkiss_jed.cmh03.perseus-eng1,data/hotchkiss_jed/cmh03/hotchkiss_jed.cmh03.perseus-eng1.xml
cmh04.ie.xml,"D. H. Hill, Jr.","Confederate Military History, a library of Confederate States Military History: Volume 4",author,,,hill_d_h_jr,cmh04,urn:cts:americanLit:hill_d_h_jr.cmh04.perseus-eng1,data/hill_d_h_jr/cmh04/hill_d_h_jr.cmh04.perseus-eng1.xml
cmh05.ie.xml,Brigadier-General Ellison Capers,"Confederate Military History, a library of Confederate States Military History: Volume 5",author,,,capers_ellison,cmh05,urn:cts:americanLit:capers_ellison.cmh05.perseus-eng1,data/capers_ellison/cmh05/capers_ellison.cmh05.perseus-eng1.xml
cmh06.ie.xml,"Joseph T. Derry, A. M., Author of School History of the United States; Story of the Confederate War, etc.","Confederate Military History, a library of Confederate States Military History: Volume 6",author,,,derry_joseph_t,cmh06,urn:cts:americanLit:derry_joseph_t.cmh06.perseus-eng1,data/derry_joseph_t/cmh06/derry_joseph_t.cmh06.perseus-eng1.xml
cmh07.1.ie.xml,"James Russell Soley, Professor U. S. Navy","Confederate Military History, a library of Confederate States Military History: Volume 7.1",author,,,soley_james_russell,cmh07_1,urn:cts:americanLit:soley_james_russell.cmh07_1.perseus-eng1,data/soley_james_russell/cmh07_1/soley_james_russell.cmh07_1.perseus-eng1.xml
cmh07.2.ie.xml,Daniel Ammen,"Confederate Military History, a library of Confederate States Military History: Volume 7.2",author,,,ammen_daniel_ed0f16c5,cmh07_2,urn:cts:americanLit:ammen_daniel_ed0f16c5.cmh07_2.perseus-eng1,data/ammen_daniel_ed0f16c5/cmh07_2/ammen_daniel_ed0f16c5.cmh07_2.perseus-eng1.xml
cmh08.ie.xml,James D. Porter,"Confederate Military History, a library of Confederate States Military History: Volume 7.1",author,,,porter_james_d,cmh08,urn:cts:americanLit:porter_james_d.cmh08.perseus-eng1,data/porter_james_d/cmh08/porter_james_d.cmh08.perseus-eng1.xml
cmh09.1.ie.xml,Col. J. Stoddard Johnston,"Confederate Military History, a library of Confederate States Military History: Volume 9.1",author,,,johnston_j_stoddard,cmh09_1,urn:cts:americanLit:johnston_j_stoddard.cmh09_1.perseus-eng1,data/johnston_j_stoddard/cmh09_1/johnston_j_stoddard.cmh09_1.perseus-eng1.xml
cmh09.2.ie.xml,Col. John C. Moore,"Confederate Military History, a library of Confederate States Military History: Volume 9.2",author,,,moore_john_c,cmh09_2,urn:cts:americanLit:moore_john_c.cmh09_2.perseus-eng1,data/moore_john_c/cmh09_2/moore_john_c.cmh09_2.perseus-eng1.xml
cmh10.1.ie.xml,"John Dimitry, A. M.","Confederate Military History, a library of Confederate States Military History: Volume 10.1",author,,,dimitry_john,cmh10_1,urn:cts:americanLit:dimitry_john.cmh10_1.perseus-eng1,data/dimitry_john/cmh10_1/dimitry_john.cmh10_1.perseus-eng1.xml
cmh10.2.ie.xml,Col. John M. Harrell,"Confederate Military History, a library of Confederate States Military History: Volume 10.2",author,,,harrell_john_m,cmh10_2,urn:cts:americanLit:harrell_john_m.cmh10_2.perseus-eng1,data/harrell_john_m/cmh10_2/harrell_john_m.cmh10_2.perseus-eng1.xml
cmh11.1.ie.xml,Col. O. M. Roberts,"Confederate Military History, a library of Confederate States Military History: Volume 11.1",author,,,roberts_o_m,cmh11_1,urn:cts:americanLit:roberts_o_m.cmh11_1.perseus-eng1,data/roberts_o_m/cmh11_1/roberts_o_m.cmh11_1.perseus-eng1.xml
cmh11.2.ie.xml,Col. J. J. Dickison,"Confederate Military History, a library of Confederate States Military History: Volume 11.2",author,,,dickison_j_j,cmh11_2,urn:cts:americanLit:dickison_j_j.cmh11_2.perseus-eng1,data/dickison_j_j/cmh11_2/dickison_j_j.cmh11_2.perseus-eng1.xml
cmh12.1.ie.xml,Col. O. M. Roberts,"Confederate Military History, a library of Confederate States Military History: Volume 12.1",author,,,roberts_o_m,cmh12_1,urn:cts:americanLit:roberts_o_m.cmh12_1.perseus-eng1,data/roberts_o_m/cmh12_1/roberts_o_m.cmh12_1.perseus-eng1.xml
cmh12.2.ie.xml,Colonel Charles E. Hooker,"Confederate Military History, a library of Confederate States Military History: Volume 12.2",author,,,hooker_charles_e,cmh12_2,urn:cts:americanLit:hooker_charles_e.cmh12_2.perseus-eng1,data/hooker_charles_e/cmh12_2/hooker_charles_e.cmh12_2.perseus-eng1.xml
comte.cwar.01.ie.xml,Comte de Paris,History of the Civil War in America. Vol. 1.,author,,,de_paris,comte_cwar_01,urn:cts:americanLit:de_paris.comte_cwar_01.perseus-eng1,data/de_paris/comte_cwar_01/de_paris.comte_cwar_01.perseus-eng1.xml
comte.cwar.02.ie.xml,Comte de Paris,History of the Civil War in America. Vol. 2.,author,,,de_paris,comte_cwar_02,urn:cts:americanLit:de_paris.comte_cwar_02.perseus-eng1,data/de_paris/comte_cwar_02/de_paris.comte_cwar_02.perseus-eng1.xml
comte.cwar.03.ie.xml,Comte de Paris,History of the Civil War in America. Vol. 3.,author,,,de_paris,comte_cwar_03,urn:cts:americanLit:de_paris.comte_cwar_03.perseus-eng1,data/de_paris/comte_cwar_03/de_paris.comte_cwar_03.perseus-eng1.xml
comte.cwar.04.ie.xml,Comte de Paris,History of the Civil War in America. Vol. 4.,author,,,de_paris,comte_cwar_04,urn:cts:americanLit:de_paris.comte_cwar_04.perseus-eng1,data/de_paris/comte_cwar_04/de_paris.comte_cwar_04.perseus-eng1.xml
congdon.trib.ie.xml,Charles Congdon,Tribune Essays: Leading Articles Contributing to the New York Tribune from 1857 to 1863.,author,,,congdon_charles,congdon_trib,urn:cts:americanLit:congdon_charles.congdon_trib.perseus-eng1,data/congdon_charles/congdon_trib/congdon_charles.congdon_trib.perseus-eng1.xml
cooke.mem.ie.xml,John Esten Cooke,"Wearing of the Gray: Being Personal Portraits, Scenes, and Adventures of War.",author,,,cooke_john_esten,cooke_mem,urn:cts:americanLit:cooke_john_esten.cooke_mem.perseus-eng1,data/cooke_john_esten/cooke_mem/cooke_john_esten.cooke_mem.perseus-eng1.xml
crafts.grant.ie.xml,William A. Crafts,"Life of Ulysses S. Grant: His Boyhood, Campaigns, and Services, Military and Civil.",author,,,crafts_william_a,crafts_grant,urn:cts:americanLit:crafts_william_a.crafts_grant.perseus-eng1,data/crafts_william_a/crafts_grant/crafts_william_a.crafts_grant.perseus-eng1.xml
crosby.garrison.ie.xml,Ernest Crosby,Garrison the non-resistant,author,,,crosby_ernest,crosby_garrison,urn:cts:americanLit:crosby_ernest.crosby_garrison.perseus-eng1,data/crosby_ernest/crosby_garrison/crosby_ernest.crosby_garrison.perseus-eng1.xml
cutter.arlington.ie.xml,Benjamin Cutter,"History of the town of Arlington, Massachusetts, ormerly the second precinct in Cambridge, or District of Menotomy, afterward the town of West Cambridge. 1635-1879 with a genealogical register of the inhabitants of the precinct.",author,,,cutter_benjamin,cutter_arlington,urn:cts:americanLit:cutter_benjamin.cutter_arlington.perseus-eng1,data/cutter_benjamin/cutter_arlington/cutter_benjamin.cutter_arlington.perseus-eng1.xml
cwar.mem.ie.xml,Anonymous,The Annals of the Civil War Written by Leading Participants North and South,author,,,anonymous,cwar_mem,urn:cts:americanLit:anonymous.cwar_mem.perseus-eng1,data/anonymous/cwar_mem/anonymous.cwar_mem.perseus-eng1.xml
dabney.jackson.ie.xml,Robert Lewis Dabney,Life and Commands of Lieutenand-General Thomas J. Jackson,author,,,dabney_robert_lewis,dabney_jackson,urn:cts:americanLit:dabney_robert_lewis.dabney_jackson.perseus-eng1,data/dabney_robert_lewis/dabney_jackson/dabney_robert_lewis.dabney_jackson.perseus-eng1.xml
davis.mem.01.ie.xml,Jefferson Davis,The Rise and Fall of the Confederate Government,author,,,davis_jefferson,davis_mem_01,urn:cts:americanLit:davis_jefferson.davis_mem_01.perseus-eng1,data/davis_jefferson/davis_mem_01/davis_jefferson.davis_mem_01.perseus-eng1.xml
davis.mem.02.ie.xml,Jefferson Davis,The Rise and Fall of the Confederate Government,author,,,davis_jefferson,davis_mem_02,urn:cts:americanLit:davis_jefferson.davis_mem_02.perseus-eng1,data/davis_jefferson/davis_mem_02/davis_jefferson.davis_mem_02.perseus-eng1.xml
ddd.lib.samp.ie.xml,Digital Divide,"The Liberator, 32.1: Friday, Jan. 3, 1862: sample",author,,,digital_divide,ddd_lib_samp,urn:cts:americanLit:digital_divide.ddd_lib_samp.perseus-eng1,data/digital_divide/ddd_lib_samp/digital_divide.ddd_lib_samp.perseus-eng1.xml
deleon.capitals.ie.xml,Thomas C. DeLeon,"Four years in Rebel capitals: an inside view of life in the southern confederacy, from birth to death.",author,,,deleon_thomas_c,deleon_capitals,urn:cts:americanLit:deleon_thomas_c.deleon_capitals.perseus-eng1,data/deleon_thomas_c/deleon_capitals/deleon_thomas_c.deleon_capitals.perseus-eng1.xml
dixon.conq1.ie.xml,William Hepworth Dixon,White Conquest: Volume 1,author,,,dixon_william_hepworth,dixon_conq1,urn:cts:americanLit:dixon_william_hepworth.dixon_conq1.perseus-eng1,data/dixon_william_hepworth/dixon_conq1/dixon_william_hepworth.dixon_conq1.perseus-eng1.xml
dixon.conq2.ie.xml,William Hepworth Dixon,White Conquest: Volume 2,author,,,dixon_william_hepworth,dixon_conq2,urn:cts:americanLit:dixon_william_hepworth.dixon_conq2.perseus-eng1,data/dixon_william_hepworth/dixon_conq2/dixon_william_hepworth.dixon_conq2.perseus-eng1.xml
dyer.battles.xml,Frederick H. Dyer,Compendium of the War of the Rebellion: Battles,author,,,dyer_frederick_h,dyer_battles,urn:cts:americanLit:dyer_frederick_h.dyer_battles.perseus-eng1,data/dyer_frederick_h/dyer_battles/dyer_frederick_h.dyer_battles.perseus-eng1.xml
dyer.commands.namind.ie.xml,Frederick H. Dyer,Compendium of the War of the Rebellion: Name Index of Commands,author,,,dyer_frederick_h,dyer_commands_namind,urn:cts:americanLit:dyer_frederick_h.dyer_commands_namind.perseus-eng1,data/dyer_frederick_h/dyer_commands_namind/dyer_frederick_h.dyer_commands_namind.perseus-eng1.xml
dyer.regiments.ie.xml,Frederick H. Dyer,Compendium of the War of the Rebellion: Regimental Histories,author,,,dyer_frederick_h,dyer_regiments,urn:cts:americanLit:dyer_frederick_h.dyer_regiments.perseus-eng1,data/dyer_frederick_h/dyer_regiments/dyer_frederick_h.dyer_regiments.perseus-eng1.xml
early.mem.ie.xml,Jubal Anderson Early,"Lieutenant General Jubal A. Early, C. S. A.",author,,,early_jubal_anderson,early_mem,urn:cts:americanLit:early_jubal_anderson.early_mem.perseus-eng1,data/early_jubal_anderson/early_mem/early_jubal_anderson.early_mem.perseus-eng1.xml
emilio.54th.ie.xml,"Emilio, Luis F.","History of the Fifty-Fourth Regiment of Massachusetts Volunteer Infantry, 1863-1865",author,,,emilio_luis_f,emilio_54th,urn:cts:americanLit:emilio_luis_f.emilio_54th.perseus-eng1,data/emilio_luis_f/emilio_54th/emilio_luis_f.emilio_54th.perseus-eng1.xml
ewer.masscav3.rost.ie.xml,"Rev. James K. Ewer, Company 3, Third Mass. Cav.",Roster of the Third Massachusetts Cavalry Regiment in the war for the Union,author,,,ewer_james_k,ewer_masscav3_rost,urn:cts:americanLit:ewer_james_k.ewer_masscav3_rost.perseus-eng1,data/ewer_james_k/ewer_masscav3_rost/ewer_james_k.ewer_masscav3_rost.perseus-eng1.xml
fitzhugh.lee.ie.xml,Fitzhugh Lee,General Lee,author,,,lee_fitzhugh,fitzhugh_lee,urn:cts:americanLit:lee_fitzhugh.fitzhugh_lee.perseus-eng1,data/lee_fitzhugh/fitzhugh_lee/lee_fitzhugh.fitzhugh_lee.perseus-eng1.xml
fox.regloss.ie.xml,"William F. Fox, Lt. Col. U. S. V.","Regimental Losses in the American Civil War, 1861-1865: A Treatise on the extent and nature of the mortuary losses in the Union regiments, with full and exhaustive statistics compiled from the official records on file in the state military bureaus and at Washington",author,,,fox_william_f,fox_regloss,urn:cts:americanLit:fox_william_f.fox_regloss.perseus-eng1,data/fox_william_f/fox_regloss/fox_william_f.fox_regloss.perseus-eng1.xml
fremantle.three.ie.xml,Lt.-Colonel Arthur J. Fremantle,Three Months in the Southern States,author,,,fremantle_arthur_j,fremantle_three,urn:cts:americanLit:fremantle_arthur_j.fremantle_three.perseus-eng1,data/fremantle_arthur_j/fremantle_three/fremantle_arthur_j.fremantle_three.perseus-eng1.xml
fuller.mem.ie.xml,Margaret Fuller,Memoirs of Margaret Fuller Ossoli,author,,,fuller_margaret,fuller_mem,urn:cts:americanLit:fuller_margaret.fuller_mem.perseus-eng1,data/fuller_margaret/fuller_mem/fuller_margaret.fuller_mem.perseus-eng1.xml
garrison.garrison.index.ie.xml,Francis Jackson Garrison,"William Lloyd Garrison, 1805-1879; the story of his life told by his children: Index",author,,,garrison_francis_jackson,garrison_garrison_index,urn:cts:americanLit:garrison_francis_jackson.garrison_garrison_index.perseus-eng1,data/garrison_francis_jackson/garrison_garrison_index/garrison_francis_jackson.garrison_garrison_index.perseus-eng1.xml
garrison.garrison1.ie.xml,Francis Jackson Garrison,"William Lloyd Garrison, 1805-1879; the story of his life told by his children: volume 1",author,,,garrison_francis_jackson,garrison_garrison1,urn:cts:americanLit:garrison_francis_jackson.garrison_garrison1.perseus-eng1,data/garrison_francis_jackson/garrison_garrison1/garrison_francis_jackson.garrison_garrison1.perseus-eng1.xml
garrison.garrison2.ie.xml,Francis Jackson Garrison,"William Lloyd Garrison, 1805-1879; the story of his life told by his children: volume 2",author,,,garrison_francis_jackson,garrison_garrison2,urn:cts:americanLit:garrison_francis_jackson.garrison_garrison2.perseus-eng1,data/garrison_francis_jackson/garrison_garrison2/garrison_francis_jackson.garrison_garrison2.perseus-eng1.xml
garrison.garrison3.ie.xml,Francis Jackson Garrison,"William Lloyd Garrison, 1805-1879; the story of his life told by his children: volume 3",author,,,garrison_francis_jackson,garrison_garrison3,urn:cts:americanLit:garrison_francis_jackson.garrison_garrison3.perseus-eng1,data/garrison_francis_jackson/garrison_garrison3/garrison_francis_jackson.garrison_garrison3.perseus-eng1.xml
garrison.garrison4.ie.xml,Francis Jackson Garrison,"William Lloyd Garrison, 1805-1879; the story of his life told by his children: volume 4",author,,,garrison_francis_jackson,garrison_garrison4,urn:cts:americanLit:garrison_francis_jackson.garrison_garrison4.perseus-eng1,data/garrison_francis_jackson/garrison_garrison4/garrison_francis_jackson.garrison_garrison4.perseus-eng1.xml
geer.lines.ie.xml,John James Geer,Beyond the lines: A Yankee prisoner loose in Dixie,author,,,geer_john_james,geer_lines,urn:cts:americanLit:geer_john_james.geer_lines.perseus-eng1,data/geer_john_james/geer_lines/geer_john_james.geer_lines.perseus-eng1.xml
gordon.brook.ie.xml,George H. Gordon,From Brook Farm to Cedar Mountain,author,,,gordon_george_h,gordon_brook,urn:cts:americanLit:gordon_george_h.gordon_brook.perseus-eng1,data/gordon_george_h/gordon_brook/gordon_george_h.gordon_brook.perseus-eng1.xml
grant.mem.ie.xml,Ulysses S. Grant,Personal Memoirs of U. S. Grant,author,,,grant_ulysses_s,grant_mem,urn:cts:americanLit:grant_ulysses_s.grant_mem.perseus-eng1,data/grant_ulysses_s/grant_mem/grant_ulysses_s.grant_mem.perseus-eng1.xml
greeley.cwar.01.ie.xml,Horace Greeley,"The American Conflict: A History of the Great Rebellion in the United States of America, 1860-65: its Causes, Incidents, and Results: Intended to exhibit especially its moral and political phases with the drift and progress of American opinion respecting human slavery from 1776 to the close of the War for the Union. Volume I.",author,,,greeley_horace,greeley_cwar_01,urn:cts:americanLit:greeley_horace.greeley_cwar_01.perseus-eng1,data/greeley_horace/greeley_cwar_01/greeley_horace.greeley_cwar_01.perseus-eng1.xml
greeley.cwar.02.ie.xml,Horace Greeley,"The American Conflict: A History of the Great Rebellion in the United States of America, 1860-65: its Causes, Incidents, and Results: Intended to exhibit especially its moral and political phases with the drift and progress of American opinion respecting human slavery from 1776 to the close of the War for the Union. Volume II.",author,,,greeley_horace,greeley_cwar_02,urn:cts:americanLit:greeley_horace.greeley_cwar_02.perseus-eng1,data/greeley_horace/greeley_cwar_02/greeley_horace.greeley_cwar_02.perseus-eng1.xml
hague.block.ie.xml,Parthenia Antoinette Hague,A blockaded family: Life in southern Alabama during the war,author,,,hague_parthenia_antoinette,hague_block,urn:cts:americanLit:hague_parthenia_antoinette.hague_block.perseus-eng1,data/hague_parthenia_antoinette/hague_block/hague_parthenia_antoinette.hague_block.perseus-eng1.xml
halleck.mil.ie.xml,"H. Wager Halleck, A. M., Lieut. of Engineers, U. S. Army.","Elements of Military Art and Science; or, Course of Instruction in Strategy, Fortification, Tactis of Battles &c., Embracing the Duties of Staff, Infantry, Cavalry, Artillery and Engineers. Adapted to the Use of Volunteers and Militia.",author,,,halleck_h_wager,halleck_mil,urn:cts:americanLit:halleck_h_wager.halleck_mil.perseus-eng1,data/halleck_h_wager/halleck_mil/halleck_h_wager.halleck_mil.perseus-eng1.xml
heush.ie.xml,Anonymous,Harper's Encyclopedia of United States History,author,,,anonymous,heush,urn:cts:americanLit:anonymous.heush.perseus-eng1,data/anonymous/heush/anonymous.heush.perseus-eng1.xml
higg.afternoon.ie.xml,Thomas Wentworth Higginson,Afternoon landscape: poems and translations,author,,,higginson_thomas_wentworth,higg_afternoon,urn:cts:americanLit:higginson_thomas_wentworth.higg_afternoon.perseus-eng1,data/higginson_thomas_wentworth/higg_afternoon/higginson_thomas_wentworth.higg_afternoon.perseus-eng1.xml
higg.amauthors.ie.xml,Thomas Wentworth Higginson,Short studies of American authors,author,,,higginson_thomas_wentworth,higg_amauthors,urn:cts:americanLit:higginson_thomas_wentworth.higg_amauthors.perseus-eng1,data/higginson_thomas_wentworth/higg_amauthors/higginson_thomas_wentworth.higg_amauthors.perseus-eng1.xml
higg.amlit.ie.xml,Thomas Wentworth Higginson,Reader's History of American Literature,author,,,higginson_thomas_wentworth,higg_amlit,urn:cts:americanLit:higginson_thomas_wentworth.higg_amlit.perseus-eng1,data/higginson_thomas_wentworth/higg_amlit/higginson_thomas_wentworth.higg_amlit.perseus-eng1.xml
higg.atlantic.ie.xml,Thomas Wentworth Higginson,Atlantic Essays,author,,,higginson_thomas_wentworth,higg_atlantic,urn:cts:americanLit:higginson_thomas_wentworth.higg_atlantic.perseus-eng1,data/higginson_thomas_wentworth/higg_atlantic/higginson_thomas_wentworth.higg_atlantic.perseus-eng1.xml
higg.black.ie.xml,Thomas Wentworth Higginson,Army Life in a Black Regiment,author,,,higginson_thomas_wentworth,higg_black,urn:cts:americanLit:higginson_thomas_wentworth.higg_black.perseus-eng1,data/higginson_thomas_wentworth/higg_black/higginson_thomas_wentworth.higg_black.perseus-eng1.xml
higg.book.ie.xml,Thomas Wentworth Higginson,Book and heart: essays on literature and life,author,,,higginson_thomas_wentworth,higg_book,urn:cts:americanLit:higginson_thomas_wentworth.higg_book.perseus-eng1,data/higginson_thomas_wentworth/higg_book/higginson_thomas_wentworth.higg_book.perseus-eng1.xml
higg.camb.ie.xml,Thomas Wentworth Higginson,Olde Cambridge,author,,,higginson_thomas_wentworth,higg_camb,urn:cts:americanLit:higginson_thomas_wentworth.higg_camb.perseus-eng1,data/higginson_thomas_wentworth/higg_camb/higginson_thomas_wentworth.higg_camb.perseus-eng1.xml
higg.carlyle.ie.xml,Thomas Wentworth Higginson,Carlyle's laugh and other surprises,author,,,higginson_thomas_wentworth,higg_carlyle,urn:cts:americanLit:higginson_thomas_wentworth.higg_carlyle.perseus-eng1,data/higginson_thomas_wentworth/higg_carlyle/higginson_thomas_wentworth.higg_carlyle.perseus-eng1.xml
higg.cheer.ie.xml,Thomas Wentworth Higginson,Cheerful Yesterdays,author,,,higginson_thomas_wentworth,higg_cheer,urn:cts:americanLit:higginson_thomas_wentworth.higg_cheer.perseus-eng1,data/higginson_thomas_wentworth/higg_cheer/higginson_thomas_wentworth.higg_cheer.perseus-eng1.xml
higg.explorer.ie.xml,Thomas Wentworth Higginson,A book of American explorers,author,,,higginson_thomas_wentworth,higg_explorer,urn:cts:americanLit:higginson_thomas_wentworth.higg_explorer.perseus-eng1,data/higginson_thomas_wentworth/higg_explorer/higginson_thomas_wentworth.higg_explorer.perseus-eng1.xml
higg.fair.ie.xml,Thomas Wentworth Higginson,In a fair country,author,,,higginson_thomas_wentworth,higg_fair,urn:cts:americanLit:higginson_thomas_wentworth.higg_fair.perseus-eng1,data/higginson_thomas_wentworth/higg_fair/higginson_thomas_wentworth.higg_fair.perseus-eng1.xml
higg.fuller.ie.xml,Thomas Wentworth Higginson,Margaret Fuller Ossoli,author,,,higginson_thomas_wentworth,higg_fuller,urn:cts:americanLit:higginson_thomas_wentworth.higg_fuller.perseus-eng1,data/higginson_thomas_wentworth/higg_fuller/higginson_thomas_wentworth.higg_fuller.perseus-eng1.xml
higg.harvmem1.ie.xml,Thomas Wentworth Higginson,Harvard Memorial Biographies,author,,,higginson_thomas_wentworth,higg_harvmem1,urn:cts:americanLit:higginson_thomas_wentworth.higg_harvmem1.perseus-eng1,data/higginson_thomas_wentworth/higg_harvmem1/higginson_thomas_wentworth.higg_harvmem1.perseus-eng1.xml
higg.higg2.ie.xml,Mary Thacher Higginson,Thomas Wentworth Higginson: the story of his life,author,,,higginson_mary_thacher,higg_higg2,urn:cts:americanLit:higginson_mary_thacher.higg_higg2.perseus-eng1,data/higginson_mary_thacher/higg_higg2/higginson_mary_thacher.higg_higg2.perseus-eng1.xml
higg.lett.ie.xml,Thomas Wentworth Higginson,Letters and Journals of Thomas Wentworth Higginson,author,,,higginson_thomas_wentworth,higg_lett,urn:cts:americanLit:higginson_thomas_wentworth.higg_lett.perseus-eng1,data/higginson_thomas_wentworth/higg_lett/higginson_thomas_wentworth.higg_lett.perseus-eng1.xml
higg.longfell.ie.xml,Thomas Wentworth Higginson,Henry Wadsworth Longfellow,author,,,higginson_thomas_wentworth,higg_longfell,urn:cts:americanLit:higginson_thomas_wentworth.higg_longfell.perseus-eng1,data/higginson_thomas_wentworth/higg_longfell/higginson_thomas_wentworth.higg_longfell.perseus-eng1.xml
higg.masscw1.dead.ie.xml,Thomas Wentworth Higginson,"Massachusetts in the Army and Navy during the war of 1861-1865, vol. 1",author,,,higginson_thomas_wentworth,higg_masscw1_dead,urn:cts:americanLit:higginson_thomas_wentworth.higg_masscw1_dead.perseus-eng1,data/higginson_thomas_wentworth/higg_masscw1_dead/higginson_thomas_wentworth.higg_masscw1_dead.perseus-eng1.xml
higg.masscw1.narr.ie.xml,Thomas Wentworth Higginson,"Massachusetts in the Army and Navy during the war of 1861-1865, vol. 1: prelminary narrative",author,,,higginson_thomas_wentworth,higg_masscw1_narr,urn:cts:americanLit:higginson_thomas_wentworth.higg_masscw1_narr.perseus-eng1,data/higginson_thomas_wentworth/higg_masscw1_narr/higginson_thomas_wentworth.higg_masscw1_narr.perseus-eng1.xml
higg.masscw1.reg.ie.xml,Thomas Wentworth Higginson,"Massachusetts in the Army and Navy during the war of 1861-1865, vol. 1",author,,,higginson_thomas_wentworth,higg_masscw1_reg,urn:cts:americanLit:higginson_thomas_wentworth.higg_masscw1_reg.perseus-eng1,data/higginson_thomas_wentworth/higg_masscw1_reg/higginson_thomas_wentworth.higg_masscw1_reg.perseus-eng1.xml
higg.masscw2.ie.xml,Thomas Wentworth Higginson,"Massachusetts in the Army and Navy during the war of 1861-1865, vol. 2",author,,,higginson_thomas_wentworth,higg_masscw2,urn:cts:americanLit:higginson_thomas_wentworth.higg_masscw2.perseus-eng1,data/higginson_thomas_wentworth/higg_masscw2/higginson_thomas_wentworth.higg_masscw2.perseus-eng1.xml
higg.newworld.ie.xml,Thomas Wentworth Higginson,The new world and the new book,author,,,higginson_thomas_wentworth,higg_newworld,urn:cts:americanLit:higginson_thomas_wentworth.higg_newworld.perseus-eng1,data/higginson_thomas_wentworth/higg_newworld/higginson_thomas_wentworth.higg_newworld.perseus-eng1.xml
higg.oldport.ie.xml,Thomas Wentworth Higginson,"Oldport days, with ten heliotype illustrations from views taken in Newport, R. I., expressly for this work.",author,,,higginson_thomas_wentworth,higg_oldport,urn:cts:americanLit:higginson_thomas_wentworth.higg_oldport.perseus-eng1,data/higginson_thomas_wentworth/higg_oldport/higginson_thomas_wentworth.higg_oldport.perseus-eng1.xml
higg.whittier.ie.xml,Thomas Wentworth Higginson,John Greenleaf Whittier,author,,,higginson_thomas_wentworth,higg_whittier,urn:cts:americanLit:higginson_thomas_wentworth.higg_whittier.perseus-eng1,data/higginson_thomas_wentworth/higg_whittier/higginson_thomas_wentworth.higg_whittier.perseus-eng1.xml
higg.women.ie.xml,Thomas Wentworth Higginson,Women and Men,author,,,higginson_thomas_wentworth,higg_women,urn:cts:americanLit:higginson_thomas_wentworth.higg_women.perseus-eng1,data/higginson_thomas_wentworth/higg_women/higginson_thomas_wentworth.higg_women.perseus-eng1.xml
higg.women2.ie.xml,James Parton,Women of the age; being natives of the lives and deeds of the most prominent women of the present gentlemen,author,,,parton_james,higg_women2,urn:cts:americanLit:parton_james.higg_women2.perseus-eng1,data/parton_james/higg_women2/parton_james.higg_women2.perseus-eng1.xml
hillard.mcclell.ie.xml,G. S. Hillard,"Life and Campaigns of George B. McClellan, Major-General, U. S. Army",author,,,hillard_g_s,hillard_mcclell,urn:cts:americanLit:hillard_g_s.hillard_mcclell.perseus-eng1,data/hillard_g_s/hillard_mcclell/hillard_g_s.hillard_mcclell.perseus-eng1.xml
hood.mem.ie.xml,John Bell Hood.,Advance and Retreat: Personal Experiences in the United States and Confederate Armies,author,,,hood_john_bell,hood_mem,urn:cts:americanLit:hood_john_bell.hood_mem.perseus-eng1,data/hood_john_bell/hood_mem/hood_john_bell.hood_mem.perseus-eng1.xml
howard.auto1.ie.xml,Oliver Otis Howard,"Autobiography of Oliver Otis Howard, major general, United States army: volume 1",author,,,howard_oliver_otis,howard_auto1,urn:cts:americanLit:howard_oliver_otis.howard_auto1.perseus-eng1,data/howard_oliver_otis/howard_auto1/howard_oliver_otis.howard_auto1.perseus-eng1.xml
howard.auto2.ie.xml,Oliver Otis Howard,"Autobiography of Oliver Otis Howard, major general, United States army: volume 2",author,,,howard_oliver_otis,howard_auto2,urn:cts:americanLit:howard_oliver_otis.howard_auto2.perseus-eng1,data/howard_oliver_otis/howard_auto2/howard_oliver_otis.howard_auto2.perseus-eng1.xml
howe.rem.ie.xml,Jula Ward Howe,Reminiscences: 1819-1899,author,,,howe_jula_ward,howe_rem,urn:cts:americanLit:howe_jula_ward.howe_rem.perseus-eng1,data/howe_jula_ward/howe_rem/howe_jula_ward.howe_rem.perseus-eng1.xml
hume.abolitionist.ie.xml,John F. Hume,The abolitionists together with personal memories of the struggle for human rights,author,,,hume_john_f,hume_abolitionist,urn:cts:americanLit:hume_john_f.hume_abolitionist.perseus-eng1,data/hume_john_f/hume_abolitionist/hume_john_f.hume_abolitionist.perseus-eng1.xml
johns.mem.ie.xml,General Joseph E. Johnston,Narrative of Military Operations During the Civil War,author,,,johnston_joseph_e,johns_mem,urn:cts:americanLit:johnston_joseph_e.johns_mem.perseus-eng1,data/johnston_joseph_e/johns_mem/johnston_joseph_e.johns_mem.perseus-eng1.xml
jomini.war.ie.xml,Baron de Jomini,"Summary of the Art of War, or a New Analytical Compend of the Principle Combinations of Strategy, of Grand Tactics and of Military Policy.",author,,,de_jomini,jomini_war,urn:cts:americanLit:de_jomini.jomini_war.perseus-eng1,data/de_jomini/jomini_war/de_jomini.jomini_war.perseus-eng1.xml
jones.christ.ie.xml,J. William Jones,"Christ in the camp, or religion in Lee's army",author,,,jones_j_william,jones_christ,urn:cts:americanLit:jones_j_william.jones_christ.perseus-eng1,data/jones_j_william/jones_christ/jones_j_william.jones_christ.perseus-eng1.xml
jones.diary.ie.xml,J. B. Jones,A Rebel War Clerk's Diary,author,,,jones_j_b,jones_diary,urn:cts:americanLit:jones_j_b.jones_diary.perseus-eng1,data/jones_j_b/jones_diary/jones_j_b.jones_diary.perseus-eng1.xml
knight.mech.ie.xml,Plutarch.,Knight's Mechanical Encyclopedia,author,,,plutarch,knight_mech,urn:cts:americanLit:plutarch.knight_mech.perseus-eng1,data/plutarch/knight_mech/plutarch.knight_mech.perseus-eng1.xml
lester.sumner.ie.xml,C. Edwards Lester,"Life and public services of Charles Sumner: Born Jan. 6, 1811. Died March 11, 1874.",author,,,lester_c_edwards,lester_sumner,urn:cts:americanLit:lester_c_edwards.lester_sumner.perseus-eng1,data/lester_c_edwards/lester_sumner/lester_c_edwards.lester_sumner.perseus-eng1.xml
linc.carp.ie.xml,Francis B. Carpenter,Six Months at the White House,author,,,carpenter_francis_b,linc_carp,urn:cts:americanLit:carpenter_francis_b.linc_carp.perseus-eng1,data/carpenter_francis_b/linc_carp/carpenter_francis_b.linc_carp.perseus-eng1.xml
linc.doug.ie.xml,Abraham Lincoln,Debates of Lincoln and Douglas: Carefully Prepared by the Reporters of Each Party at the times of their Delivery.,author,,,lincoln_abraham,linc_doug,urn:cts:americanLit:lincoln_abraham.linc_doug.perseus-eng1,data/lincoln_abraham/linc_doug/lincoln_abraham.linc_doug.perseus-eng1.xml
linc.hern.ie.xml,William H. Herndon,Herndon's Lincoln: The True Story of a Great Life,author,,,herndon_william_h,linc_hern,urn:cts:americanLit:herndon_william_h.linc_hern.perseus-eng1,data/herndon_william_h/linc_hern/herndon_william_h.linc_hern.perseus-eng1.xml
linn.greeley.ie.xml,William Alexander Linn,Horace Greeley Founder and Editor of The New York Tribune,author,,,linn_william_alexander,linn_greeley,urn:cts:americanLit:linn_william_alexander.linn_greeley.perseus-eng1,data/linn_william_alexander/linn_greeley/linn_william_alexander.linn_greeley.perseus-eng1.xml
logan.wife.ie.xml,Mrs. John A. Logan,Reminiscences of a Soldier's Wife: An Autobiography,author,,,logan_john_a,logan_wife,urn:cts:americanLit:logan_john_a.logan_wife.perseus-eng1,data/logan_john_a/logan_wife/logan_john_a.logan_wife.perseus-eng1.xml
long.mem.ie.xml,General James Longstreet,From Manassas to Appomattox,author,,,longstreet_james,long_mem,urn:cts:americanLit:longstreet_james.long_mem.perseus-eng1,data/longstreet_james/long_mem/longstreet_james.long_mem.perseus-eng1.xml
lossing.field.01.ie.xml,Benson J. Lossing,Pictorial Field Book of the Civil War. Volume 1.,author,,,lossing_benson_j,lossing_field_01,urn:cts:americanLit:lossing_benson_j.lossing_field_01.perseus-eng1,data/lossing_benson_j/lossing_field_01/lossing_benson_j.lossing_field_01.perseus-eng1.xml
lossing.field.02.ie.xml,Benson J. Lossing,Pictorial Field Book of the Civil War. Volume 2.,author,,,lossing_benson_j,lossing_field_02,urn:cts:americanLit:lossing_benson_j.lossing_field_02.perseus-eng1,data/lossing_benson_j/lossing_field_02/lossing_benson_j.lossing_field_02.perseus-eng1.xml
lossing.field.03.ie.xml,Benson J. Lossing,Pictorial Field Book of the Civil War. Volume 3.,author,,,lossing_benson_j,lossing_field_03,urn:cts:americanLit:lossing_benson_j.lossing_field_03.perseus-eng1,data/lossing_benson_j/lossing_field_03/lossing_benson_j.lossing_field_03.perseus-eng1.xml
lowell.books.ie.xml,James Russell Lowell,Among my books,author,,,lowell_james_russell,lowell_books,urn:cts:americanLit:lowell_james_russell.lowell_books.perseus-eng1,data/lowell_james_russell/lowell_books/lowell_james_russell.lowell_books.perseus-eng1.xml
lyman.grant.ie.xml,Colonel Theodore Lyman,With Grant and Meade from the Wilderness to Appomattox,author,,,lyman_theodore,lyman_grant,urn:cts:americanLit:lyman_theodore.lyman_grant.perseus-eng1,data/lyman_theodore/lyman_grant/lyman_theodore.lyman_grant.perseus-eng1.xml
martyn.garrison.ie.xml,Archibald H. Grimke,William Lloyd Garrison the Abolitionist,author,,,grimke_archibald_h,martyn_garrison,urn:cts:americanLit:grimke_archibald_h.martyn_garrison.perseus-eng1,data/grimke_archibald_h/martyn_garrison/grimke_archibald_h.martyn_garrison.perseus-eng1.xml
mcclellan.story.ie.xml,Elias Nason,"McClellan's Own Story: the war for the union, the soldiers who fought it, the civilians who directed it, and his relations to them.",author,,,nason_elias,mcclellan_story,urn:cts:americanLit:nason_elias.mcclellan_story.perseus-eng1,data/nason_elias/mcclellan_story/nason_elias.mcclellan_story.perseus-eng1.xml
mcguire.diary.ie.xml,Judith White McGuire,"Diary of a southern refugee during the war, by a lady of Virginia",author,,,mcguire_judith_white,mcguire_diary,urn:cts:americanLit:mcguire_judith_white.mcguire_diary.perseus-eng1,data/mcguire_judith_white/mcguire_diary/mcguire_judith_white.mcguire_diary.perseus-eng1.xml
mclellan.story.ie.xml,Elias Nason,"McClellan's Own Story: the war for the union, the soldiers who fought it, the civilians who directed it, and his relations to them.",author,,,nason_elias,mclellan_story,urn:cts:americanLit:nason_elias.mclellan_story.perseus-eng1,data/nason_elias/mclellan_story/nason_elias.mclellan_story.perseus-eng1.xml
meade.let.ie.xml,George Meade,"The Life and Letters of George Gordon Meade, Major-General United States Army",author,,,meade_george,meade_let,urn:cts:americanLit:meade_george.meade_let.perseus-eng1,data/meade_george/meade_let/meade_george.meade_let.perseus-eng1.xml
merrill.camb.ie.xml,Anonymous,Cambridge sketches,author,,,anonymous,merrill_camb,urn:cts:americanLit:anonymous.merrill_camb.perseus-eng1,data/anonymous/merrill_camb/anonymous.merrill_camb.perseus-eng1.xml
mhs01.ie.xml,Anonymous,Volume 1,series,Volume 1,1898,series_medford_historical_society_papers,mhs01,urn:cts:americanLit:series_medford_historical_society_papers.mhs01.perseus-eng1,data/series_medford_historical_society_papers/mhs01/series_medford_historical_society_papers.mhs01.perseus-eng1.xml
mhs02.ie.xml,Anonymous,Volume 3,series,Volume 3,1900,series_medford_historical_society_papers,mhs02,urn:cts:americanLit:series_medford_historical_society_papers.mhs02.perseus-eng1,data/series_medford_historical_society_papers/mhs02/series_medford_historical_society_papers.mhs02.perseus-eng1.xml
mhs03.ie.xml,Anonymous,Volume 2,series,Volume 2,1899,series_medford_historical_society_papers,mhs03,urn:cts:americanLit:series_medford_historical_society_papers.mhs03.perseus-eng1,data/series_medford_historical_society_papers/mhs03/series_medford_historical_society_papers.mhs03.perseus-eng1.xml
mhs04.ie.xml,Anonymous,Volume 4,series,Volume 4,1901,series_medford_historical_society_papers,mhs04,urn:cts:americanLit:series_medford_historical_society_papers.mhs04.perseus-eng1,data/series_medford_historical_society_papers/mhs04/series_medford_historical_society_papers.mhs04.perseus-eng1.xml
mhs05.ie.xml,Anonymous,Volume 5,series,Volume 5,1902,series_medford_historical_society_papers,mhs05,urn:cts:americanLit:series_medford_historical_society_papers.mhs05.perseus-eng1,data/series_medford_historical_society_papers/mhs05/series_medford_historical_society_papers.mhs05.perseus-eng1.xml
mhs06.ie.xml,Anonymous,Volume 6,series,Volume 6,1903,series_medford_historical_society_papers,mhs06,urn:cts:americanLit:series_medford_historical_society_papers.mhs06.perseus-eng1,data/series_medford_historical_society_papers/mhs06/series_medford_historical_society_papers.mhs06.perseus-eng1.xml
mhs07.ie.xml,Anonymous,Volume 7,series,Volume 7,1904,series_medford_historical_society_papers,mhs07,urn:cts:americanLit:series_medford_historical_society_papers.mhs07.perseus-eng1,data/series_medford_historical_society_papers/mhs07/series_medford_historical_society_papers.mhs07.perseus-eng1.xml
mhs08.ie.xml,Anonymous,Volume 8,series,Volume 8,1905,series_medford_historical_society_papers,mhs08,urn:cts:americanLit:series_medford_historical_society_papers.mhs08.perseus-eng1,data/series_medford_historical_society_papers/mhs08/series_medford_historical_society_papers.mhs08.perseus-eng1.xml
mhs09.ie.xml,Anonymous,Volume 9,series,Volume 9,1906,series_medford_historical_society_papers,mhs09,urn:cts:americanLit:series_medford_historical_society_papers.mhs09.perseus-eng1,data/series_medford_historical_society_papers/mhs09/series_medford_historical_society_papers.mhs09.perseus-eng1.xml
mhs10.ie.xml,Anonymous,Volume 10,series,Volume 10,1907,series_medford_historical_society_papers,mhs10,urn:cts:americanLit:series_medford_historical_society_papers.mhs10.perseus-eng1,data/series_medford_historical_society_papers/mhs10/series_medford_historical_society_papers.mhs10.perseus-eng1.xml
mhs11.ie.xml,Anonymous,Volume 11,series,Volume 11,1908,series_medford_historical_society_papers,mhs11,urn:cts:americanLit:series_medford_historical_society_papers.mhs11.perseus-eng1,data/series_medford_historical_society_papers/mhs11/series_medford_historical_society_papers.mhs11.perseus-eng1.xml
mhs12.ie.xml,Anonymous,Volume 12,series,Volume 12,1909,series_medford_historical_society_papers,mhs12,urn:cts:americanLit:series_medford_historical_society_papers.mhs12.perseus-eng1,data/series_medford_historical_society_papers/mhs12/series_medford_historical_society_papers.mhs12.perseus-eng1.xml
mhs13.ie.xml,Anonymous,Volume 13,series,Volume 13,1910,series_medford_historical_society_papers,mhs13,urn:cts:americanLit:series_medford_historical_society_papers.mhs13.perseus-eng1,data/series_medford_historical_society_papers/mhs13/series_medford_historical_society_papers.mhs13.perseus-eng1.xml
mhs14.ie.xml,Anonymous,Volume 14,series,Volume 14,1911,series_medford_historical_society_papers,mhs14,urn:cts:americanLit:series_medford_historical_society_papers.mhs14.perseus-eng1,data/series_medford_historical_society_papers/mhs14/series_medford_historical_society_papers.mhs14.perseus-eng1.xml
mhs15.ie.xml,Anonymous,Volume 15,series,Volume 15,1912,series_medford_historical_society_papers,mhs15,urn:cts:americanLit:series_medford_historical_society_papers.mhs15.perseus-eng1,data/series_medford_historical_society_papers/mhs15/series_medford_historical_society_papers.mhs15.perseus-eng1.xml
mhs16.ie.xml,Anonymous,Volume 16,series,Volume 16,1913,series_medford_historical_society_papers,mhs16,urn:cts:americanLit:series_medford_historical_society_papers.mhs16.perseus-eng1,data/series_medford_historical_society_papers/mhs16/series_medford_historical_society_papers.mhs16.perseus-eng1.xml
mhs17.ie.xml,Anonymous,Volume 17,series,Volume 17,1914,series_medford_historical_society_papers,mhs17,urn:cts:americanLit:series_medford_historical_society_papers.mhs17.perseus-eng1,data/series_medford_historical_society_papers/mhs17/series_medford_historical_society_papers.mhs17.perseus-eng1.xml
mhs18.ie.xml,Anonymous,Volume 18,series,Volume 18,1915,series_medford_historical_society_papers,mhs18,urn:cts:americanLit:series_medford_historical_society_papers.mhs18.perseus-eng1,data/series_medford_historical_society_papers/mhs18/series_medford_historical_society_papers.mhs18.perseus-eng1.xml
mhs19.ie.xml,Anonymous,Volume 15,series,Volume 15,1912,series_medford_historical_society_papers,mhs19,urn:cts:americanLit:series_medford_historical_society_papers.mhs19.perseus-eng1,data/series_medford_historical_society_papers/mhs19/series_medford_historical_society_papers.mhs19.perseus-eng1.xml
mhs20.ie.xml,Anonymous,Volume 20,series,Volume 20,1917,series_medford_historical_society_papers,mhs20,urn:cts:americanLit:series_medford_historical_society_papers.mhs20.perseus-eng1,data/series_medford_historical_society_papers/mhs20/series_medford_historical_society_papers.mhs20.perseus-eng1.xml
mhs21.ie.xml,Anonymous,Volume 22,series,Volume 22,1919,series_medford_historical_society_papers,mhs21,urn:cts:americanLit:series_medford_historical_society_papers.mhs21.perseus-eng1,data/series_medford_historical_society_papers/mhs21/series_medford_historical_society_papers.mhs21.perseus-eng1.xml
mhs22.ie.xml,Anonymous,Volume 22,series,Volume 22,1919,series_medford_historical_society_papers,mhs22,urn:cts:americanLit:series_medford_historical_society_papers.mhs22.perseus-eng1,data/series_medford_historical_society_papers/mhs22/series_medford_historical_society_papers.mhs22.perseus-eng1.xml
mhs23.ie.xml,Anonymous,Volume 23,series,Volume 23,1920,series_medford_historical_society_papers,mhs23,urn:cts:americanLit:series_medford_historical_society_papers.mhs23.perseus-eng1,data/series_medford_historical_society_papers/mhs23/series_medford_historical_society_papers.mhs23.perseus-eng1.xml
mhs24.ie.xml,Anonymous,Volume 24,series,Volume 24,1921,series_medford_historical_society_papers,mhs24,urn:cts:americanLit:series_medford_historical_society_papers.mhs24.perseus-eng1,data/series_medford_historical_society_papers/mhs24/series_medford_historical_society_papers.mhs24.perseus-eng1.xml
mhs25.ie.xml,Anonymous,Volume 25,series,Volume 25,1922,series_medford_historical_society_papers,mhs25,urn:cts:americanLit:series_medford_historical_society_papers.mhs25.perseus-eng1,data/series_medford_historical_society_papers/mhs25/series_medford_historical_society_papers.mhs25.perseus-eng1.xml
mhs26.ie.xml,Anonymous,Volume 25,series,Volume 25,1922,series_medford_historical_society_papers,mhs26,urn:cts:americanLit:series_medford_historical_society_papers.mhs26.perseus-eng1,data/series_medford_historical_society_papers/mhs26/series_medford_historical_society_papers.mhs26.perseus-eng1.xml
mhs27.ie.xml,Charles Cummings,Volume 26,series,Volume 26,1923,series_medford_historical_society_papers,mhs27,urn:cts:americanLit:series_medford_historical_society_papers.mhs27.perseus-eng1,data/series_medford_historical_society_papers/mhs27/series_medford_historical_society_papers.mhs27.perseus-eng1.xml
mhs28.ie.xml,Wild,Volume 28,series,Volume 28,1925,series_medford_historical_society_papers,mhs28,urn:cts:americanLit:series_medford_historical_society_papers.mhs28.perseus-eng1,data/series_medford_historical_society_papers/mhs28/series_medford_historical_society_papers.mhs28.perseus-eng1.xml
mhs29.ie.xml,Anonymous,Volume 29,series,Volume 29,1926,series_medford_historical_society_papers,mhs29,urn:cts:americanLit:series_medford_historical_society_papers.mhs29.perseus-eng1,data/series_medford_historical_society_papers/mhs29/series_medford_historical_society_papers.mhs29.perseus-eng1.xml
mhs30.ie.xml,Anonymous,Volume 30,series,Volume 30,1927,series_medford_historical_society_papers,mhs30,urn:cts:americanLit:series_medford_historical_society_papers.mhs30.perseus-eng1,data/series_medford_historical_society_papers/mhs30/series_medford_historical_society_papers.mhs30.perseus-eng1.xml
mtauburn.ie.xml,Anonymous,"The picturesque pocket companion, and visitor's guide, through Mount Auburn",author,,,anonymous,mtauburn,urn:cts:americanLit:anonymous.mtauburn.perseus-eng1,data/anonymous/mtauburn/anonymous.mtauburn.perseus-eng1.xml
nason.sumner.ie.xml,Elias Nason,"The Life and Times of Charles Sumner: His Boyhood, Education and Public Career.",author,,,nason_elias,nason_sumner,urn:cts:americanLit:nason_elias.nason_sumner.perseus-eng1,data/nason_elias/nason_sumner/nason_elias.nason_sumner.perseus-eng1.xml
nelson.walth.ie.xml,"Charles A. Nelson, A. M.","Waltham, past, present and its industries, with an historical sketch of Watertown from its settlement in 1630 to the incorporation of Waltham, January 15, 1739.",author,,,nelson_charles_a,nelson_walth,urn:cts:americanLit:nelson_charles_a.nelson_walth.perseus-eng1,data/nelson_charles_a/nelson_walth/nelson_charles_a.nelson_walth.perseus-eng1.xml
nelson.waltham.ie.xml,"Charles A. Nelson, A. M.","Waltham, past, present and its industries, with an historical sketch of Watertown from its settlement in 1630 to the incorporation of Waltham, January 15, 1739.",author,,,nelson_charles_a,nelson_waltham,urn:cts:americanLit:nelson_charles_a.nelson_waltham.perseus-eng1,data/nelson_charles_a/nelson_waltham/nelson_charles_a.nelson_waltham.perseus-eng1.xml
nicol.linc.ie.xml,John G. Nicolay,"A Short Life of Abraham Lincoln, condensed from Nicolay and Hayes' Abraham Lincoln: A History",author,,,nicolay_john_g,nicol_linc,urn:cts:americanLit:nicolay_john_g.nicol_linc.perseus-eng1,data/nicolay_john_g/nicol_linc/nicolay_john_g.nicol_linc.perseus-eng1.xml
nicol.outbreak.ie.xml,John G. Nicolay,The Outbreak of Rebellion,author,,,nicolay_john_g,nicol_outbreak,urn:cts:americanLit:nicolay_john_g.nicol_outbreak.perseus-eng1,data/nicolay_john_g/nicol_outbreak/nicolay_john_g.nicol_outbreak.perseus-eng1.xml
oats.prison.ie.xml,Sergeant Oats,Prison Life in Dixie: giving a short history of the inhuman and barbarous treatment of our soldiers by rebel authorities,author,,,oats,oats_prison,urn:cts:americanLit:oats.oats_prison.perseus-eng1,data/oats/oats_prison/oats.oats_prison.perseus-eng1.xml
or1.38.ie.xml,Anonymous,"The Atlanta (Georgia) Campaign: May 1 - September 8, 1864.",author,,,anonymous,or1_38,urn:cts:americanLit:anonymous.or1_38.perseus-eng1,data/anonymous/or1_38/anonymous.or1_38.perseus-eng1.xml
or10.1.ie.xml,Anonymous,Official Records of the Union and Confederate Armies,author,,,anonymous,or10_1,urn:cts:americanLit:anonymous.or10_1.perseus-eng1,data/anonymous/or10_1/anonymous.or10_1.perseus-eng1.xml
or10.2.ie.xml,Anonymous,Official Records of the Union and Confederate Armies,author,,,anonymous,or10_2,urn:cts:americanLit:anonymous.or10_2.perseus-eng1,data/anonymous/or10_2/anonymous.or10_2.perseus-eng1.xml
paige.cambridge.ie.xml,Lucius R. Paige,"History of Cambridge, Massachusetts, 1630-1877, with a genealogical register",author,,,paige_lucius_r,paige_cambridge,urn:cts:americanLit:paige_lucius_r.paige_cambridge.perseus-eng1,data/paige_lucius_r/paige_cambridge/paige_lucius_r.paige_cambridge.perseus-eng1.xml
parton.greeley.ie.xml,James Parton,The life of Horace Greeley,author,,,parton_james,parton_greeley,urn:cts:americanLit:parton_james.parton_greeley.perseus-eng1,data/parton_james/parton_greeley/parton_james.parton_greeley.perseus-eng1.xml
perry.amlit.ie.xml,Bliss Perry,The American spirit in lierature: a chronicle of great interpreters,author,,,perry_bliss,perry_amlit,urn:cts:americanLit:perry_bliss.perry_amlit.perseus-eng1,data/perry_bliss/perry_amlit/perry_bliss.perry_amlit.perseus-eng1.xml
phcw.index.ie.xml,Anonymous,Index,series,Index,1912,series_photographic_history_civil_war,phcw_index,urn:cts:americanLit:series_photographic_history_civil_war.phcw_index.perseus-eng1,data/series_photographic_history_civil_war/phcw_index/series_photographic_history_civil_war.phcw_index.perseus-eng1.xml
phcw01.ie.xml,Anonymous,Volume 1: The Opening Battles,series,Volume 1: The Opening Battles,1912,series_photographic_history_civil_war,phcw01,urn:cts:americanLit:series_photographic_history_civil_war.phcw01.perseus-eng1,data/series_photographic_history_civil_war/phcw01/series_photographic_history_civil_war.phcw01.perseus-eng1.xml
phcw02.ie.xml,Anonymous,Volume 2: Two Years of Grim War,series,Volume 2: Two Years of Grim War,1912,series_photographic_history_civil_war,phcw02,urn:cts:americanLit:series_photographic_history_civil_war.phcw02.perseus-eng1,data/series_photographic_history_civil_war/phcw02/series_photographic_history_civil_war.phcw02.perseus-eng1.xml
phcw03.ie.xml,Anonymous,Volume 3: The Decisive Battles,series,Volume 3: The Decisive Battles,1912,series_photographic_history_civil_war,phcw03,urn:cts:americanLit:series_photographic_history_civil_war.phcw03.perseus-eng1,data/series_photographic_history_civil_war/phcw03/series_photographic_history_civil_war.phcw03.perseus-eng1.xml
phcw04.ie.xml,Anonymous,Volume 4: The Cavalry,series,Volume 4: The Cavalry,1912,series_photographic_history_civil_war,phcw04,urn:cts:americanLit:series_photographic_history_civil_war.phcw04.perseus-eng1,data/series_photographic_history_civil_war/phcw04/series_photographic_history_civil_war.phcw04.perseus-eng1.xml
phcw05.ie.xml,Anonymous,Volume 5: Forts and Artillery,series,Volume 5: Forts and Artillery,1912,series_photographic_history_civil_war,phcw05,urn:cts:americanLit:series_photographic_history_civil_war.phcw05.perseus-eng1,data/series_photographic_history_civil_war/phcw05/series_photographic_history_civil_war.phcw05.perseus-eng1.xml
phcw06.ie.xml,"James Barnes, author of David G. Farragut, Naval Actions of 1812, Yank ee Ships and Yankee Sailors, Commodore Bainbridge, The Blockaders, and other naval and historical works",Volume 6: The Navy,series,Volume 6: The Navy,1912,series_photographic_history_civil_war,phcw06,urn:cts:americanLit:series_photographic_history_civil_war.phcw06.perseus-eng1,data/series_photographic_history_civil_war/phcw06/series_photographic_history_civil_war.phcw06.perseus-eng1.xml
phcw07.ie.xml,George B. Davis,Volume 7: Prisons and Hospitals,series,Volume 7: Prisons and Hospitals,1912,series_photographic_history_civil_war,phcw07,urn:cts:americanLit:series_photographic_history_civil_war.phcw07.perseus-eng1,data/series_photographic_history_civil_war/phcw07/series_photographic_history_civil_war.phcw07.perseus-eng1.xml
phcw08.ie.xml,Anonymous,Volume 8: Soldier Life and Secret Service,series,Volume 8: Soldier Life and Secret Service,1912,series_photographic_history_civil_war,phcw08,urn:cts:americanLit:series_photographic_history_civil_war.phcw08.perseus-eng1,data/series_photographic_history_civil_war/phcw08/series_photographic_history_civil_war.phcw08.perseus-eng1.xml
phcw09.ie.xml,Holmes,Volume 9: Poetry and Eloquence,series,Volume 9: Poetry and Eloquence,1912,series_photographic_history_civil_war,phcw09,urn:cts:americanLit:series_photographic_history_civil_war.phcw09.perseus-eng1,data/series_photographic_history_civil_war/phcw09/series_photographic_history_civil_war.phcw09.perseus-eng1.xml
phcw10.ie.xml,Anonymous,Volume 10: The Armies and the Leaders,series,Volume 10: The Armies and the Leaders,1912,series_photographic_history_civil_war,phcw10,urn:cts:americanLit:series_photographic_history_civil_war.phcw10.perseus-eng1,data/series_photographic_history_civil_war/phcw10/series_photographic_history_civil_war.phcw10.perseus-eng1.xml
phillips.speeches01.ie.xml,Wendell Phillips,"Speeches, Lectures and Letters of Wendell Phillips: Volume 1",author,,,phillips_wendell,phillips_speeches01,urn:cts:americanLit:phillips_wendell.phillips_speeches01.perseus-eng1,data/phillips_wendell/phillips_speeches01/phillips_wendell.phillips_speeches01.perseus-eng1.xml
phillips.speeches02.ie.xml,Wendell Phillips,"Speeches, Lectures and Letters of Wendell Phillips: Volume 2",author,,,phillips_wendell,phillips_speeches02,urn:cts:americanLit:phillips_wendell.phillips_speeches02.perseus-eng1,data/phillips_wendell/phillips_speeches02/phillips_wendell.phillips_speeches02.perseus-eng1.xml
pierce.sumner1.ie.xml,Edward L. Pierce,Memoir and letters of Charles Sumner: volume 1,author,,,pierce_edward_l,pierce_sumner1,urn:cts:americanLit:pierce_edward_l.pierce_sumner1.perseus-eng1,data/pierce_edward_l/pierce_sumner1/pierce_edward_l.pierce_sumner1.perseus-eng1.xml
pierce.sumner2.ie.xml,Edward L. Pierce,Memoir and letters of Charles Sumner: volume 2,author,,,pierce_edward_l,pierce_sumner2,urn:cts:americanLit:pierce_edward_l.pierce_sumner2.perseus-eng1,data/pierce_edward_l/pierce_sumner2/pierce_edward_l.pierce_sumner2.perseus-eng1.xml
pierce.sumner3.ie.xml,Edward L. Pierce,Memoir and letters of Charles Sumner: volume 3,author,,,pierce_edward_l,pierce_sumner3,urn:cts:americanLit:pierce_edward_l.pierce_sumner3.perseus-eng1,data/pierce_edward_l/pierce_sumner3/pierce_edward_l.pierce_sumner3.perseus-eng1.xml
pierce.sumner4.ie.xml,Edward L. Pierce,Memoir and letters of Charles Sumner: volume 4,author,,,pierce_edward_l,pierce_sumner4,urn:cts:americanLit:pierce_edward_l.pierce_sumner4.perseus-eng1,data/pierce_edward_l/pierce_sumner4/pierce_edward_l.pierce_sumner4.perseus-eng1.xml
pinkerton.spy.ie.xml,Allan Pinkerton,"The spy in the rebellion; being a true history of the spy system of the United States Army during the late rebellion, revealing many secrets of the war hitherto not made public, compiled from official reports prepared for President Lincoln, General McClellan and the Provost-Marshal-General.",author,,,pinkerton_allan,pinkerton_spy,urn:cts:americanLit:pinkerton_allan.pinkerton_spy.perseus-eng1,data/pinkerton_allan/pinkerton_spy/pinkerton_allan.pinkerton_spy.perseus-eng1.xml
pollard.lostcause.ie.xml,Edward Alfred Pollard,The lost cause; a new Southern history of the War of the Confederates ... Drawn from official sources and approved by the most distinguished Confederate leaders.,author,,,pollard_edward_alfred,pollard_lostcause,urn:cts:americanLit:pollard_edward_alfred.pollard_lostcause.perseus-eng1,data/pollard_edward_alfred/pollard_lostcause/pollard_edward_alfred.pollard_lostcause.perseus-eng1.xml
porter.mem.ie.xml,General Horace Porter,Campaigning with Grant,author,,,porter_horace,porter_mem,urn:cts:americanLit:porter_horace.porter_mem.perseus-eng1,data/porter_horace/porter_mem/porter_horace.porter_mem.perseus-eng1.xml
porter.navy.ie.xml,Admiral David D. Porter,The Naval History of the Civil War.,author,,,porter_david_d,porter_navy,urn:cts:americanLit:porter_david_d.porter_navy.perseus-eng1,data/porter_david_d/porter_navy/porter_david_d.porter_navy.perseus-eng1.xml
rebrec.01.docs.ie.xml,Anonymous,Volume 1 — Documents and Narratives,series,Volume 1 — Documents and Narratives,1862,series_rebellion_record,rebrec_01_docs,urn:cts:americanLit:series_rebellion_record.rebrec_01_docs.perseus-eng1,data/series_rebellion_record/rebrec_01_docs/series_rebellion_record.rebrec_01_docs.perseus-eng1.xml
rebrec.01.index.ie.xml,Anonymous,Volume 1 — Index,series,Volume 1 — Index,1862,series_rebellion_record,rebrec_01_index,urn:cts:americanLit:series_rebellion_record.rebrec_01_index.perseus-eng1,data/series_rebellion_record/rebrec_01_index/series_rebellion_record.rebrec_01_index.perseus-eng1.xml
rebrec.01.intro.ie.xml,Anonymous,Volume 1 — Introduction,series,Volume 1 — Introduction,1862,series_rebellion_record,rebrec_01_intro,urn:cts:americanLit:series_rebellion_record.rebrec_01_intro.perseus-eng1,data/series_rebellion_record/rebrec_01_intro/series_rebellion_record.rebrec_01_intro.perseus-eng1.xml
rebrec.01.poetry.ie.xml,Anonymous,Volume 1 — Poetry and Incidents,series,Volume 1 — Poetry and Incidents,1862,series_rebellion_record,rebrec_01_poetry,urn:cts:americanLit:series_rebellion_record.rebrec_01_poetry.perseus-eng1,data/series_rebellion_record/rebrec_01_poetry/series_rebellion_record.rebrec_01_poetry.perseus-eng1.xml
rebrec.02.docs.ie.xml,Anonymous,Volume 2 — Documents and Narratives,series,Volume 2 — Documents and Narratives,1862,series_rebellion_record,rebrec_02_docs,urn:cts:americanLit:series_rebellion_record.rebrec_02_docs.perseus-eng1,data/series_rebellion_record/rebrec_02_docs/series_rebellion_record.rebrec_02_docs.perseus-eng1.xml
rebrec.02.index.ie.xml,Anonymous,Volume 2 — Index,series,Volume 2 — Index,1862,series_rebellion_record,rebrec_02_index,urn:cts:americanLit:series_rebellion_record.rebrec_02_index.perseus-eng1,data/series_rebellion_record/rebrec_02_index/series_rebellion_record.rebrec_02_index.perseus-eng1.xml
rebrec.02.poetry.ie.xml,Anonymous,Volume 2 — Poetry and Incidents,series,Volume 2 — Poetry and Incidents,1862,series_rebellion_record,rebrec_02_poetry,urn:cts:americanLit:series_rebellion_record.rebrec_02_poetry.perseus-eng1,data/series_rebellion_record/rebrec_02_poetry/series_rebellion_record.rebrec_02_poetry.perseus-eng1.xml
rebrec.03.docs.ie.xml,Anonymous,Volume 3 — Documents and Narratives,series,Volume 3 — Documents and Narratives,1862,series_rebellion_record,rebrec_03_docs,urn:cts:americanLit:series_rebellion_record.rebrec_03_docs.perseus-eng1,data/series_rebellion_record/rebrec_03_docs/series_rebellion_record.rebrec_03_docs.perseus-eng1.xml
rebrec.03.index.ie.xml,Anonymous,Volume 3 — Index,series,Volume 3 — Index,1862,series_rebellion_record,rebrec_03_index,urn:cts:americanLit:series_rebellion_record.rebrec_03_index.perseus-eng1,data/series_rebellion_record/rebrec_03_index/series_rebellion_record.rebrec_03_index.perseus-eng1.xml
rebrec.03.poetry.ie.xml,Anonymous,Volume 3 — Poetry and Incidents,series,Volume 3 — Poetry and Incidents,1862,series_rebellion_record,rebrec_03_poetry,urn:cts:americanLit:series_rebellion_record.rebrec_03_poetry.perseus-eng1,data/series_rebellion_record/rebrec_03_poetry/series_rebellion_record.rebrec_03_poetry.perseus-eng1.xml
rebrec.04.docs.ie.xml,Anonymous,Volume 4 — Documents and Narratives,series,Volume 4 — Documents and Narratives,1862,series_rebellion_record,rebrec_04_docs,urn:cts:americanLit:series_rebellion_record.rebrec_04_docs.perseus-eng1,data/series_rebellion_record/rebrec_04_docs/series_rebellion_record.rebrec_04_docs.perseus-eng1.xml
rebrec.04.poetry.ie.xml,Anonymous,Volume 4 — Poetry and Incidents,series,Volume 4 — Poetry and Incidents,1862,series_rebellion_record,rebrec_04_poetry,urn:cts:americanLit:series_rebellion_record.rebrec_04_poetry.perseus-eng1,data/series_rebellion_record/rebrec_04_poetry/series_rebellion_record.rebrec_04_poetry.perseus-eng1.xml
rebrec.05.docs.ie.xml,Anonymous,Volume 5 — Documents and Narratives,series,Volume 5 — Documents and Narratives,1862,series_rebellion_record,rebrec_05_docs,urn:cts:americanLit:series_rebellion_record.rebrec_05_docs.perseus-eng1,data/series_rebellion_record/rebrec_05_docs/series_rebellion_record.rebrec_05_docs.perseus-eng1.xml
rebrec.05.poetry.ie.xml,Anonymous,Volume 5 — Poetry and Incidents,series,Volume 5 — Poetry and Incidents,1862,series_rebellion_record,rebrec_05_poetry,urn:cts:americanLit:series_rebellion_record.rebrec_05_poetry.perseus-eng1,data/series_rebellion_record/rebrec_05_poetry/series_rebellion_record.rebrec_05_poetry.perseus-eng1.xml
rebrec.06.docs.ie.xml,Anonymous,Volume 6 — Documents and Narratives,series,Volume 6 — Documents and Narratives,1862,series_rebellion_record,rebrec_06_docs,urn:cts:americanLit:series_rebellion_record.rebrec_06_docs.perseus-eng1,data/series_rebellion_record/rebrec_06_docs/series_rebellion_record.rebrec_06_docs.perseus-eng1.xml
rebrec.06.poetry.ie.xml,Anonymous,Volume 6 — Poetry and Incidents,series,Volume 6 — Poetry and Incidents,1862,series_rebellion_record,rebrec_06_poetry,urn:cts:americanLit:series_rebellion_record.rebrec_06_poetry.perseus-eng1,data/series_rebellion_record/rebrec_06_poetry/series_rebellion_record.rebrec_06_poetry.perseus-eng1.xml
rebrec.07.docs.ie.xml,Anonymous,Volume 7 — Documents and Narratives,series,Volume 7 — Documents and Narratives,1862,series_rebellion_record,rebrec_07_docs,urn:cts:americanLit:series_rebellion_record.rebrec_07_docs.perseus-eng1,data/series_rebellion_record/rebrec_07_docs/series_rebellion_record.rebrec_07_docs.perseus-eng1.xml
rebrec.07.poetry.ie.xml,Anonymous,Volume 7 — Poetry and Incidents,series,Volume 7 — Poetry and Incidents,1862,series_rebellion_record,rebrec_07_poetry,urn:cts:americanLit:series_rebellion_record.rebrec_07_poetry.perseus-eng1,data/series_rebellion_record/rebrec_07_poetry/series_rebellion_record.rebrec_07_poetry.perseus-eng1.xml
rebrec.08.docs.ie.xml,Anonymous,Volume 8 — Documents and Narratives,series,Volume 8 — Documents and Narratives,1862,series_rebellion_record,rebrec_08_docs,urn:cts:americanLit:series_rebellion_record.rebrec_08_docs.perseus-eng1,data/series_rebellion_record/rebrec_08_docs/series_rebellion_record.rebrec_08_docs.perseus-eng1.xml
rebrec.08.poetry.ie.xml,Anonymous,Volume 8 — Poetry and Incidents,series,Volume 8 — Poetry and Incidents,1862,series_rebellion_record,rebrec_08_poetry,urn:cts:americanLit:series_rebellion_record.rebrec_08_poetry.perseus-eng1,data/series_rebellion_record/rebrec_08_poetry/series_rebellion_record.rebrec_08_poetry.perseus-eng1.xml
rebrec.09.docs.ie.xml,Anonymous,Volume 9 — Documents and Narratives,series,Volume 9 — Documents and Narratives,1866,series_rebellion_record,rebrec_09_docs,urn:cts:americanLit:series_rebellion_record.rebrec_09_docs.perseus-eng1,data/series_rebellion_record/rebrec_09_docs/series_rebellion_record.rebrec_09_docs.perseus-eng1.xml
rebrec.09.poetry.ie.xml,Anonymous,Volume 9 — Poetry and Incidents,series,Volume 9 — Poetry and Incidents,1866,series_rebellion_record,rebrec_09_poetry,urn:cts:americanLit:series_rebellion_record.rebrec_09_poetry.perseus-eng1,data/series_rebellion_record/rebrec_09_poetry/series_rebellion_record.rebrec_09_poetry.perseus-eng1.xml
rebrec.10.docs.ie.xml,Anonymous,Volume 10 — Documents and Narratives,series,Volume 10 — Documents and Narratives,1866,series_rebellion_record,rebrec_10_docs,urn:cts:americanLit:series_rebellion_record.rebrec_10_docs.perseus-eng1,data/series_rebellion_record/rebrec_10_docs/series_rebellion_record.rebrec_10_docs.perseus-eng1.xml
rebrec.11.docs.ie.xml,Anonymous,Volume 11 — Documents and Narratives,series,Volume 11 — Documents and Narratives,1868,series_rebellion_record,rebrec_11_docs,urn:cts:americanLit:series_rebellion_record.rebrec_11_docs.perseus-eng1,data/series_rebellion_record/rebrec_11_docs/series_rebellion_record.rebrec_11_docs.perseus-eng1.xml
rebrec.diary.ie.xml,Anonymous,Issue rebrec_diary,series,,1862–1868,series_rebellion_record,rebrec_diary,urn:cts:americanLit:series_rebellion_record.rebrec_diary.perseus-eng1,data/series_rebellion_record/rebrec_diary/series_rebellion_record.rebrec_diary.perseus-eng1.xml
redpath.brown.ie.xml,James Redpath,The Public Life of Captain John Brown,author,,,redpath_james,redpath_brown,urn:cts:americanLit:redpath_james.redpath_brown.perseus-eng1,data/redpath_james/redpath_brown/redpath_james.redpath_brown.perseus-eng1.xml
redpath.slaves.ie.xml,James Redpath,"The Roving Editor: or, Talks with Slaves in the Southern States.",author,,,redpath_james,redpath_slaves,urn:cts:americanLit:redpath_james.redpath_slaves.perseus-eng1,data/redpath_james/redpath_slaves/redpath_james.redpath_slaves.perseus-eng1.xml
richards.howe.ie.xml,Laura E. Richards,"Julia Ward Howe, 1819-1910, in two volumes, with portraits and other illustrations: volume 1",author,,,richards_laura_e,richards_howe,urn:cts:americanLit:richards_laura_e.richards_howe.perseus-eng1,data/richards_laura_e/richards_howe/richards_laura_e.richards_howe.perseus-eng1.xml
roman.beau1.ie.xml,Alfred Roman,"The military operations of General Beauregard in the war between the states, 1861 to 1865",author,,,roman_alfred,roman_beau1,urn:cts:americanLit:roman_alfred.roman_beau1.perseus-eng1,data/roman_alfred/roman_beau1/roman_alfred.roman_beau1.perseus-eng1.xml
roman.beau2.ie.xml,Alfred Roman,"The military operations of General Beauregard in the war between the states, 1861 to 1865",author,,,roman_alfred,roman_beau2,urn:cts:americanLit:roman_alfred.roman_beau2.perseus-eng1,data/roman_alfred/roman_beau2/roman_alfred.roman_beau2.perseus-eng1.xml
rowell.cities.ie.xml,Anonymous,"George P. Rowell and Company's American Newspaper Directory containing accurate lists of all the newspapers and periodicals published in the United States and territories, and the dominion of Canada, and British Colonies of North America, together with a description of the towns and cities in which they are published: description of towns and cities.",author,,,anonymous,rowell_cities,urn:cts:americanLit:anonymous.rowell_cities.perseus-eng1,data/anonymous/rowell_cities/anonymous.rowell_cities.perseus-eng1.xml
rowell.paper.ie.xml,Anonymous,George P. Rowell and Company's American Newspaper Directory,author,,,anonymous,rowell_paper,urn:cts:americanLit:anonymous.rowell_paper.perseus-eng1,data/anonymous/rowell_paper/anonymous.rowell_paper.perseus-eng1.xml
savage.bostevent.ie.xml,"Edward H. Savage, author of Police Recollections; Or Boston by Daylight and Gas-Light.","Boston events: a brief mention and the date of more than 5,000 events that transpired in Boston from 1630 to 1880, covering a period of 250 years, together with other occurrences of interest, arranged in alphabetical order",author,,,savage_edward_h,savage_bostevent,urn:cts:americanLit:savage_edward_h.savage_bostevent.perseus-eng1,data/savage_edward_h/savage_bostevent/savage_edward_h.savage_bostevent.perseus-eng1.xml
schalk.war.ie.xml,"Emil Schalk, A. O.",The Art of War written expressly for and dedicated to the U.S. Volunteer Army.,author,,,schalk_emil,schalk_war,urn:cts:americanLit:schalk_emil.schalk_war.perseus-eng1,data/schalk_emil/schalk_war/schalk_emil.schalk_war.perseus-eng1.xml
schofield.army.ie.xml,John M. Schofield,Forty-six years in the Army,author,,,schofield_john_m,schofield_army,urn:cts:americanLit:schofield_john_m.schofield_army.perseus-eng1,data/schofield_john_m/schofield_army/schofield_john_m.schofield_army.perseus-eng1.xml
schouler.mass01.ie.xml,William Schouler,A history of Massachusetts in the Civil War: Volume 1,author,,,schouler_william,schouler_mass01,urn:cts:americanLit:schouler_william.schouler_mass01.perseus-eng1,data/schouler_william/schouler_mass01/schouler_william.schouler_mass01.perseus-eng1.xml
schouler.mass02.ie.xml,William Schouler,A history of Massachusetts in the Civil War: Volume 2,author,,,schouler_william,schouler_mass02,urn:cts:americanLit:schouler_william.schouler_mass02.perseus-eng1,data/schouler_william/schouler_mass02/schouler_william.schouler_mass02.perseus-eng1.xml
semmes.mem.ie.xml,Raphael Semmes,Memoirs of Service Afloat During the War Between the States,author,,,semmes_raphael,semmes_mem,urn:cts:americanLit:semmes_raphael.semmes_mem.perseus-eng1,data/semmes_raphael/semmes_mem/semmes_raphael.semmes_mem.perseus-eng1.xml
sheridan.mem.ie.xml,Philip Henry Sheridan,"Personal Memoirs of P. H. Sheridan, General, United States Army.",author,,,sheridan_philip_henry,sheridan_mem,urn:cts:americanLit:sheridan_philip_henry.sheridan_mem.perseus-eng1,data/sheridan_philip_henry/sheridan_mem/sheridan_philip_henry.sheridan_mem.perseus-eng1.xml
sherman.mem.ie.xml,William Tecumseh Sherman,Memoirs of General William T. Sherman.,author,,,sherman_william_tecumseh,sherman_mem,urn:cts:americanLit:sherman_william_tecumseh.sherman_mem.perseus-eng1,data/sherman_william_tecumseh/sherman_mem/sherman_william_tecumseh.sherman_mem.perseus-eng1.xml
shs.commands.ie.xml,Anonymous,"A Roster of General Officers, Heads of Departments, Senators, Representatives, Military Organizations, &c., &c., in Confederate Service during the War between the States.",author,,,anonymous,shs_commands,urn:cts:americanLit:anonymous.shs_commands.perseus-eng1,data/anonymous/shs_commands/anonymous.shs_commands.perseus-eng1.xml
shs01.ie.xml,Major Jed. Hotchkiss,Volume 1,series,Volume 1,1876,series_southern_historical_society_papers,shs01,urn:cts:americanLit:series_southern_historical_society_papers.shs01.perseus-eng1,data/series_southern_historical_society_papers/shs01/series_southern_historical_society_papers.shs01.perseus-eng1.xml
shs02.ie.xml,"B. M. Palmer, D. D., Ll.D.",Volume 2,series,Volume 2,1876,series_southern_historical_society_papers,shs02,urn:cts:americanLit:series_southern_historical_society_papers.shs02.perseus-eng1,data/series_southern_historical_society_papers/shs02/series_southern_historical_society_papers.shs02.perseus-eng1.xml
shs03.ie.xml,brevet Major-General C. C. Andrews,Volume 3,series,Volume 3,1877,series_southern_historical_society_papers,shs03,urn:cts:americanLit:series_southern_historical_society_papers.shs03.perseus-eng1,data/series_southern_historical_society_papers/shs03/series_southern_historical_society_papers.shs03.perseus-eng1.xml
shs04.ie.xml,Napier Bartlett,Volume 4,series,Volume 4,1877,series_southern_historical_society_papers,shs04,urn:cts:americanLit:series_southern_historical_society_papers.shs04.perseus-eng1,data/series_southern_historical_society_papers/shs04/series_southern_historical_society_papers.shs04.perseus-eng1.xml
shs05.ie.xml,"Capt. J. Wilkinson, C. S. Navy",Volume 5,series,Volume 5,1878,series_southern_historical_society_papers,shs05,urn:cts:americanLit:series_southern_historical_society_papers.shs05.perseus-eng1,data/series_southern_historical_society_papers/shs05/series_southern_historical_society_papers.shs05.perseus-eng1.xml
shs06.ie.xml,Francis Winthrop Palfrey,Volume 6,series,Volume 6,1878,series_southern_historical_society_papers,shs06,urn:cts:americanLit:series_southern_historical_society_papers.shs06.perseus-eng1,data/series_southern_historical_society_papers/shs06/series_southern_historical_society_papers.shs06.perseus-eng1.xml
shs07.ie.xml,"Colonel Charles C. Jones, Jr.",Volume 7,series,Volume 7,1878,series_southern_historical_society_papers,shs07,urn:cts:americanLit:series_southern_historical_society_papers.shs07.perseus-eng1,data/series_southern_historical_society_papers/shs07/series_southern_historical_society_papers.shs07.perseus-eng1.xml
shs08.ie.xml,"Rev. J. William Jones, D. D., Secretary Southern Historical Society",Volume 8,series,Volume 8,1880,series_southern_historical_society_papers,shs08,urn:cts:americanLit:series_southern_historical_society_papers.shs08.perseus-eng1,data/series_southern_historical_society_papers/shs08/series_southern_historical_society_papers.shs08.perseus-eng1.xml
shs09.ie.xml,Jefferson Davis,Volume 9,series,Volume 9,1881,series_southern_historical_society_papers,shs09,urn:cts:americanLit:series_southern_historical_society_papers.shs09.perseus-eng1,data/series_southern_historical_society_papers/shs09/series_southern_historical_society_papers.shs09.perseus-eng1.xml
shs10.ie.xml,John D. Billings.,Volume 10,series,Volume 10,1882,series_southern_historical_society_papers,shs10,urn:cts:americanLit:series_southern_historical_society_papers.shs10.perseus-eng1,data/series_southern_historical_society_papers/shs10/series_southern_historical_society_papers.shs10.perseus-eng1.xml
shs11.ie.xml,Anonymous,Volume 11,series,Volume 11,1883,series_southern_historical_society_papers,shs11,urn:cts:americanLit:series_southern_historical_society_papers.shs11.perseus-eng1,data/series_southern_historical_society_papers/shs11/series_southern_historical_society_papers.shs11.perseus-eng1.xml
shs12.ie.xml,Anonymous,Volume 12,series,Volume 12,1884,series_southern_historical_society_papers,shs12,urn:cts:americanLit:series_southern_historical_society_papers.shs12.perseus-eng1,data/series_southern_historical_society_papers/shs12/series_southern_historical_society_papers.shs12.perseus-eng1.xml
shs13.ie.xml,Anonymous,Volume 13,series,Volume 13,1885,series_southern_historical_society_papers,shs13,urn:cts:americanLit:series_southern_historical_society_papers.shs13.perseus-eng1,data/series_southern_historical_society_papers/shs13/series_southern_historical_society_papers.shs13.perseus-eng1.xml
shs14.ie.xml,Anonymous,Volume 14,series,Volume 14,1886,series_southern_historical_society_papers,shs14,urn:cts:americanLit:series_southern_historical_society_papers.shs14.perseus-eng1,data/series_southern_historical_society_papers/shs14/series_southern_historical_society_papers.shs14.perseus-eng1.xml
shs15.ie.xml,Anonymous,Volume 15,series,Volume 15,1887,series_southern_historical_society_papers,shs15,urn:cts:americanLit:series_southern_historical_society_papers.shs15.perseus-eng1,data/series_southern_historical_society_papers/shs15/series_southern_historical_society_papers.shs15.perseus-eng1.xml
shs16.ie.xml,Anonymous,Volume 16,series,Volume 16,1888,series_southern_historical_society_papers,shs16,urn:cts:americanLit:series_southern_historical_society_papers.shs16.perseus-eng1,data/series_southern_historical_society_papers/shs16/series_southern_historical_society_papers.shs16.perseus-eng1.xml
shs17.ie.xml,Anonymous,Volume 17,series,Volume 17,1889,series_southern_historical_society_papers,shs17,urn:cts:americanLit:series_southern_historical_society_papers.shs17.perseus-eng1,data/series_southern_historical_society_papers/shs17/series_southern_historical_society_papers.shs17.perseus-eng1.xml
shs18.ie.xml,Anonymous,Volume 18,series,Volume 18,1890,series_southern_historical_society_papers,shs18,urn:cts:americanLit:series_southern_historical_society_papers.shs18.perseus-eng1,data/series_southern_historical_society_papers/shs18/series_southern_historical_society_papers.shs18.perseus-eng1.xml
shs19.ie.xml,Anonymous,Volume 19,series,Volume 19,1891,series_southern_historical_society_papers,shs19,urn:cts:americanLit:series_southern_historical_society_papers.shs19.perseus-eng1,data/series_southern_historical_society_papers/shs19/series_southern_historical_society_papers.shs19.perseus-eng1.xml
shs20.ie.xml,Anonymous,Volume 20,series,Volume 20,1892,series_southern_historical_society_papers,shs20,urn:cts:americanLit:series_southern_historical_society_papers.shs20.perseus-eng1,data/series_southern_historical_society_papers/shs20/series_southern_historical_society_papers.shs20.perseus-eng1.xml
shs21.ie.xml,Anonymous,Volume 21,series,Volume 21,1893,series_southern_historical_society_papers,shs21,urn:cts:americanLit:series_southern_historical_society_papers.shs21.perseus-eng1,data/series_southern_historical_society_papers/shs21/series_southern_historical_society_papers.shs21.perseus-eng1.xml
shs22.ie.xml,Anonymous,Volume 22,series,Volume 22,1894,series_southern_historical_society_papers,shs22,urn:cts:americanLit:series_southern_historical_society_papers.shs22.perseus-eng1,data/series_southern_historical_society_papers/shs22/series_southern_historical_society_papers.shs22.perseus-eng1.xml
shs23.ie.xml,Anonymous,Volume 23,series,Volume 23,1895,series_southern_historical_society_papers,shs23,urn:cts:americanLit:series_southern_historical_society_papers.shs23.perseus-eng1,data/series_southern_historical_society_papers/shs23/series_southern_historical_society_papers.shs23.perseus-eng1.xml
shs24.ie.xml,Anonymous,Volume 24,series,Volume 24,1896,series_southern_historical_society_papers,shs24,urn:cts:americanLit:series_southern_historical_society_papers.shs24.perseus-eng1,data/series_southern_historical_society_papers/shs24/series_southern_historical_society_papers.shs24.perseus-eng1.xml
shs25.ie.xml,Anonymous,Volume 25,series,Volume 25,1897,series_southern_historical_society_papers,shs25,urn:cts:americanLit:series_southern_historical_society_papers.shs25.perseus-eng1,data/series_southern_historical_society_papers/shs25/series_southern_historical_society_papers.shs25.perseus-eng1.xml
shs26.ie.xml,Anonymous,Volume 26,series,Volume 26,1898,series_southern_historical_society_papers,shs26,urn:cts:americanLit:series_southern_historical_society_papers.shs26.perseus-eng1,data/series_southern_historical_society_papers/shs26/series_southern_historical_society_papers.shs26.perseus-eng1.xml
shs27.ie.xml,Anonymous,Volume 27,series,Volume 27,1899,series_southern_historical_society_papers,shs27,urn:cts:americanLit:series_southern_historical_society_papers.shs27.perseus-eng1,data/series_southern_historical_society_papers/shs27/series_southern_historical_society_papers.shs27.perseus-eng1.xml
shs28.ie.xml,Anonymous,Volume 28,series,Volume 28,1900,series_southern_historical_society_papers,shs28,urn:cts:americanLit:series_southern_historical_society_papers.shs28.perseus-eng1,data/series_southern_historical_society_papers/shs28/series_southern_historical_society_papers.shs28.perseus-eng1.xml
shs29.ie.xml,Anonymous,Volume 29,series,Volume 29,1901,series_southern_historical_society_papers,shs29,urn:cts:americanLit:series_southern_historical_society_papers.shs29.perseus-eng1,data/series_southern_historical_society_papers/shs29/series_southern_historical_society_papers.shs29.perseus-eng1.xml
shs30.ie.xml,Anonymous,Volume 30,series,Volume 30,1902,series_southern_historical_society_papers,shs30,urn:cts:americanLit:series_southern_historical_society_papers.shs30.perseus-eng1,data/series_southern_historical_society_papers/shs30/series_southern_historical_society_papers.shs30.perseus-eng1.xml
shs31.ie.xml,Anonymous,Volume 31,series,Volume 31,1903,series_southern_historical_society_papers,shs31,urn:cts:americanLit:series_southern_historical_society_papers.shs31.perseus-eng1,data/series_southern_historical_society_papers/shs31/series_southern_historical_society_papers.shs31.perseus-eng1.xml
shs32.ie.xml,Anonymous,Volume 32,series,Volume 32,1904,series_southern_historical_society_papers,shs32,urn:cts:americanLit:series_southern_historical_society_papers.shs32.perseus-eng1,data/series_southern_historical_society_papers/shs32/series_southern_historical_society_papers.shs32.perseus-eng1.xml
shs33.ie.xml,Anonymous,Volume 33,series,Volume 33,1905,series_southern_historical_society_papers,shs33,urn:cts:americanLit:series_southern_historical_society_papers.shs33.perseus-eng1,data/series_southern_historical_society_papers/shs33/series_southern_historical_society_papers.shs33.perseus-eng1.xml
shs34.ie.xml,Anonymous,Volume 34,series,Volume 34,1906,series_southern_historical_society_papers,shs34,urn:cts:americanLit:series_southern_historical_society_papers.shs34.perseus-eng1,data/series_southern_historical_society_papers/shs34/series_southern_historical_society_papers.shs34.perseus-eng1.xml
shs35.ie.xml,Anonymous,Volume 35,series,Volume 35,1907,series_southern_historical_society_papers,shs35,urn:cts:americanLit:series_southern_historical_society_papers.shs35.perseus-eng1,data/series_southern_historical_society_papers/shs35/series_southern_historical_society_papers.shs35.perseus-eng1.xml
shs36.ie.xml,Anonymous,Volume 36,series,Volume 36,1908,series_southern_historical_society_papers,shs36,urn:cts:americanLit:series_southern_historical_society_papers.shs36.perseus-eng1,data/series_southern_historical_society_papers/shs36/series_southern_historical_society_papers.shs36.perseus-eng1.xml
shs37.ie.xml,Anonymous,Volume 37,series,Volume 37,1909,series_southern_historical_society_papers,shs37,urn:cts:americanLit:series_southern_historical_society_papers.shs37.perseus-eng1,data/series_southern_historical_society_papers/shs37/series_southern_historical_society_papers.shs37.perseus-eng1.xml
shs_rost.ie.xml,Anonymous,"A Roster of General Officers, Heads of Departments, Senators, Representatives, Military Organizations, &c., &c., in Confederate Service during the War between the States.",author,,,anonymous,shs_rost,urn:cts:americanLit:anonymous.shs_rost.perseus-eng1,data/anonymous/shs_rost/anonymous.shs_rost.perseus-eng1.xml
smith.lectures.ie.xml,"William A. Smith, DD. President of Randolph-Macon College, and Professor of Moral and Intellectual Philosophy.",Lectures on the Philosophy and Practice of Slavery as exhibited in the Institution of Domestic Slavery in the United States: withe Duties of Masters to Slaves.,author,,,smith_william_a,smith_lectures,urn:cts:americanLit:smith_william_a.smith_lectures.perseus-eng1,data/smith_william_a/smith_lectures/smith_william_a.smith_lectures.perseus-eng1.xml
soley.blockade.ie.xml,"James Russell Soley, Professor U. S. Navy",The blockade and the cruisers,author,,,soley_james_russell,soley_blockade,urn:cts:americanLit:soley_james_russell.soley_blockade.perseus-eng1,data/soley_james_russell/soley_blockade/soley_james_russell.soley_blockade.perseus-eng1.xml
somerville.leaves01.ie.xml,Anonymous,"volume 1 — April, 1902 - January, 1903",series,"volume 1 — April, 1902 - January, 1903",1903,series_historic_leaves,somerville_leaves01,urn:cts:americanLit:series_historic_leaves.somerville_leaves01.perseus-eng1,data/series_historic_leaves/somerville_leaves01/series_historic_leaves.somerville_leaves01.perseus-eng1.xml
somerville.leaves02.ie.xml,Anonymous,"volume 2 — April, 1903 - January, 1904",series,"volume 2 — April, 1903 - January, 1904",1904,series_historic_leaves,somerville_leaves02,urn:cts:americanLit:series_historic_leaves.somerville_leaves02.perseus-eng1,data/series_historic_leaves/somerville_leaves02/series_historic_leaves.somerville_leaves02.perseus-eng1.xml
somerville.leaves03.ie.xml,Anonymous,"volume 3 — April, 1904 - January, 1905",series,"volume 3 — April, 1904 - January, 1905",1905,series_historic_leaves,somerville_leaves03,urn:cts:americanLit:series_historic_leaves.somerville_leaves03.perseus-eng1,data/series_historic_leaves/somerville_leaves03/series_historic_leaves.somerville_leaves03.perseus-eng1.xml
somerville.leaves04.ie.xml,Anonymous,"volume 4 — April, 1905 - January, 1906",series,"volume 4 — April, 1905 - January, 1906",1906,series_historic_leaves,somerville_leaves04,urn:cts:americanLit:series_historic_leaves.somerville_leaves04.perseus-eng1,data/series_historic_leaves/somerville_leaves04/series_historic_leaves.somerville_leaves04.perseus-eng1.xml
somerville.leaves05.ie.xml,Anonymous,"volume 5 — April, 1906 - January, 1907",series,"volume 5 — April, 1906 - January, 1907",1907,series_historic_leaves,somerville_leaves05,urn:cts:americanLit:series_historic_leaves.somerville_leaves05.perseus-eng1,data/series_historic_leaves/somerville_leaves05/series_historic_leaves.somerville_leaves05.perseus-eng1.xml
somerville.leaves06.ie.xml,Anonymous,"volume 6 — April, 1907 - January, 1908",series,"volume 6 — April, 1907 - January, 1908",1908,series_historic_leaves,somerville_leaves06,urn:cts:americanLit:series_historic_leaves.somerville_leaves06.perseus-eng1,data/series_historic_leaves/somerville_leaves06/series_historic_leaves.somerville_leaves06.perseus-eng1.xml
somerville.leaves07.ie.xml,Anonymous,"volume 7 — April, 1908 - January, 1909",series,"volume 7 — April, 1908 - January, 1909",1909,series_historic_leaves,somerville_leaves07,urn:cts:americanLit:series_historic_leaves.somerville_leaves07.perseus-eng1,data/series_historic_leaves/somerville_leaves07/series_historic_leaves.somerville_leaves07.perseus-eng1.xml
somerville.leaves08.ie.xml,Anonymous,"volume 8 — April, 1909 - January, 1910",series,"volume 8 — April, 1909 - January, 1910",1910,series_historic_leaves,somerville_leaves08,urn:cts:americanLit:series_historic_leaves.somerville_leaves08.perseus-eng1,data/series_historic_leaves/somerville_leaves08/series_historic_leaves.somerville_leaves08.perseus-eng1.xml
somerville.universalist.ie.xml,Anonymous,"History of the First Universalist Church in Somerville, Mass. Illustrated; a souvenir of the fiftieth anniversary celebrated February 15-21, 1904",author,,,anonymous,somerville_universalist,urn:cts:americanLit:anonymous.somerville_universalist.perseus-eng1,data/anonymous/somerville_universalist/anonymous.somerville_universalist.perseus-eng1.xml
stanley.life.ie.xml,Henry Morton Stanley,The Autobiography of Sir Henry Morton Stanley,author,,,stanley_henry_morton,stanley_life,urn:cts:americanLit:stanley_henry_morton.stanley_life.perseus-eng1,data/stanley_henry_morton/stanley_life/stanley_henry_morton.stanley_life.perseus-eng1.xml
stearns.camb.ie.xml,Frank Preston Stearns,Cambridge Sketches,author,,,stearns_frank_preston,stearns_camb,urn:cts:americanLit:stearns_frank_preston.stearns_camb.perseus-eng1,data/stearns_frank_preston/stearns_camb/stearns_frank_preston.stearns_camb.perseus-eng1.xml
stiles.robert.ie.xml,Robert Stiles,Four years under Marse Robert,author,,,stiles_robert,stiles_robert,urn:cts:americanLit:stiles_robert.stiles_robert.perseus-eng1,data/stiles_robert/stiles_robert/stiles_robert.stiles_robert.perseus-eng1.xml
stowe.stowe.ie.xml,Charles E. Stowe,Harriet Beecher Stowe compiled from her letters and journals by her son Charles Edward Stowe,author,,,stowe_charles_e,stowe_stowe,urn:cts:americanLit:stowe_charles_e.stowe_stowe.perseus-eng1,data/stowe_charles_e/stowe_stowe/stowe_charles_e.stowe_stowe.perseus-eng1.xml
swinton.army.ie.xml,William Swinton,Campaigns of the Army of the Potomac,author,,,swinton_william,swinton_army,urn:cts:americanLit:swinton_william.swinton_army.perseus-eng1,data/swinton_william/swinton_army/swinton_william.swinton_army.perseus-eng1.xml
ticknor.letters1.ie.xml,George Ticknor,"Life, letters and journals of George Ticknor",author,,,ticknor_george,ticknor_letters1,urn:cts:americanLit:ticknor_george.ticknor_letters1.perseus-eng1,data/ticknor_george/ticknor_letters1/ticknor_george.ticknor_letters1.perseus-eng1.xml
ticknor.letters2.ie.xml,George Ticknor,"Life, letters and journals of George Ticknor",author,,,ticknor_george,ticknor_letters2,urn:cts:americanLit:ticknor_george.ticknor_letters2.perseus-eng1,data/ticknor_george/ticknor_letters2/ticknor_george.ticknor_letters2.perseus-eng1.xml
turner.unit.ie.xml,"the Rev. W. Turner, Jun., MA.",Lives of the eminent Unitarians,author,,,turner_w_jun,turner_unit,urn:cts:americanLit:turner_w_jun.turner_unit.perseus-eng1,data/turner_w_jun/turner_unit/turner_w_jun.turner_unit.perseus-eng1.xml
vdav.mem.ie.xml,Varina Davis,"Jefferson Davis: Ex-President of the Confederate States of America, A Memoir by his Wife",author,,,davis_varina,vdav_mem,urn:cts:americanLit:davis_varina.vdav_mem.perseus-eng1,data/davis_varina/vdav_mem/davis_varina.vdav_mem.perseus-eng1.xml
vdav.mem2.ie.xml,Varina Davis,"Jefferson Davis: Ex-President of the Confederate States of America, A Memoir by his Wife",author,,,davis_varina,vdav_mem2,urn:cts:americanLit:davis_varina.vdav_mem2.perseus-eng1,data/davis_varina/vdav_mem2/davis_varina.vdav_mem2.perseus-eng1.xml
waitt.mass19.ie.xml,"Waitt, Ernest Linden","History of the Nineteenth regiment, Massachusetts volunteer infantry, 1861-1865",author,,,waitt_ernest_linden,waitt_mass19,urn:cts:americanLit:waitt_ernest_linden.waitt_mass19.perseus-eng1,data/waitt_ernest_linden/waitt_mass19/waitt_ernest_linden.waitt_mass19.perseus-eng1.xml
whitcomb.maliart2.ie.xml,Caroline E. Whitcomb,"History of the Second Massachusetts Battery of Light Artillery (Nims' Battery): 1861-1865, compiled from records of the Rebellion, official reports, diaries and rosters",author,,,whitcomb_caroline_e,whitcomb_maliart2,urn:cts:americanLit:whitcomb_caroline_e.whitcomb_maliart2.perseus-eng1,data/whitcomb_caroline_e/whitcomb_maliart2/whitcomb_caroline_e.whitcomb_maliart2.perseus-eng1.xml
whitt01.ie.xml,Anonymous,The writings of John Greenleaf Whittier,author,,,anonymous,whitt01,urn:cts:americanLit:anonymous.whitt01.perseus-eng1,data/anonymous/whitt01/anonymous.whitt01.perseus-eng1.xml
whitt02.ie.xml,Anonymous,The writings of John Greenleaf Whittier,author,,,anonymous,whitt02,urn:cts:americanLit:anonymous.whitt02.perseus-eng1,data/anonymous/whitt02/anonymous.whitt02.perseus-eng1.xml
whitt03.ie.xml,Anonymous,The writings of John Greenleaf Whittier,author,,,anonymous,whitt03,urn:cts:americanLit:anonymous.whitt03.perseus-eng1,data/anonymous/whitt03/anonymous.whitt03.perseus-eng1.xml
whitt04.ie.xml,Anonymous,The writings of John Greenleaf Whittier,author,,,anonymous,whitt04,urn:cts:americanLit:anonymous.whitt04.perseus-eng1,data/anonymous/whitt04/anonymous.whitt04.perseus-eng1.xml
whitt05.ie.xml,Anonymous,The writings of John Greenleaf Whittier,author,,,anonymous,whitt05,urn:cts:americanLit:anonymous.whitt05.perseus-eng1,data/anonymous/whitt05/anonymous.whitt05.perseus-eng1.xml
whitt06.ie.xml,Anonymous,The writings of John Greenleaf Whittier,author,,,anonymous,whitt06,urn:cts:americanLit:anonymous.whitt06.perseus-eng1,data/anonymous/whitt06/anonymous.whitt06.perseus-eng1.xml
whitt07.ie.xml,Anonymous,The writings of John Greenleaf Whittier,author,,,anonymous,whitt07,urn:cts:americanLit:anonymous.whitt07.perseus-eng1,data/anonymous/whitt07/anonymous.whitt07.perseus-eng1.xml
wilson.dana.ie.xml,John Harrison Wilson,The life of Charles Henry Dana,author,,,wilson_john_harrison,wilson_dana,urn:cts:americanLit:wilson_john_harrison.wilson_dana.perseus-eng1,data/wilson_john_harrison/wilson_dana/wilson_john_harrison.wilson_dana.perseus-eng1.xml
wister.grant.ie.xml,Owen Wister,Ulysses S. Grant,author,,,wister_owen,wister_grant,urn:cts:americanLit:wister_owen.wister_grant.perseus-eng1,data/wister_owen/wister_grant/wister_owen.wister_grant.perseus-eng1.xml
